, 0.137215
230, 0.01
240, 0.01
250, 0.01
260, 0.01
270, 0.01
280, 0.01
290, 0.01
300, 0.01
310, 0.01
320, 0.01
330, 0.01
340, 0.01
350, 0.01
360, 0.01
370, 0.01
380, 0.01
390, 0.01
400, 0.01
410, 0.01
420, 0.01
430, 0.01
440, 0.01
450, 0.01
460, 0.01
470, 0.01
480, 0.01
490, 0.01
500, 0.01
510, 0.01
520, 0.01
530, 0.01
540, 0.01
550, 0.01
560, 0.01
570, 0.01
580, 0.01
590, 0.01
600, 0.01
610, 0.01
620, 0.01
630, 0.01
640, 0.01
650, 0.01
660, 0.01
670, 0.01
680, 0.01
690, 0.01
700, 0.01
710, 0.01
720, 0.01
730, 0.01
740, -0.21
750, 0.01
760, 0.01
770, 0.01
780, 0.01
790, 0.01
800, 0.01
810, 0.01
820, 0.01
830, 0.01
840, 0.01
850, 0.01
860, 0.01
870, 0.01
880, 0.01
890, 0.01
900, 0.01
910, 0.01
920, 0.01
930, 0.01
940, 0.01
950, 0.01
960, -0.21
970, 0.01
980, 0.01
990, 0.01
1000, 0.01
1010, 0.01
1020, 0.01
1030, 0.01
1040, 0.01
1050, 0.01
1060, 0.01
1070, 0.01
1080, 0.01
1090, 0.01
1100, 0.01
1110, 0.01
1120, 0.01
1130, 0.01
1140, 0.01
1150, 0.01
1160, 0.01
1170, 0.01
1180, 0.01
1190, 0.01
1200, 0.01
1210, 0.01
1220, -0.21
1230, 0.01
1240, 0.01
1250, 0.01
1260, 0.01
1270, 0.01
1280, 0.01
1290, 0.01
1300, 0.01
1310, 0.01
1320, 0.01
1330, 0.01
1340, 0.01
1350, 0.01
1360, 0.01
1370, 0.01
1380, 0.01
1390, 0.01
1400, 0.01
1410, 0.01
1420, 0.01
1430, 0.01
1440, 0.01
1450, 0.01
1460, 0.01
1470, 0.01
1480, 0.01
1490, 0.01
1500, 0.01
1510, 0.01
1520, 0.01
1530, 0.01
1540, 0.01
1550, 0.01
1560, 0.01
1570, 0.01
1580, 0.01
1590, 0.01
1600, 0.01
1610, 0.01
1620, 0.01
1630, 0.01
1640, 0.01
1650, 0.01
1660, 0.01
1670, 0.01
1680, 0.01
1690, 0.01
1700, 0.01
1710, 0.01
1720, 0.01
1730, 0.01
1740, 0.01
1750, 0.01
1760, 0.01
1770, 0.01
1780, 0.01
1790, 0.01
1800, 0.01
1810, 0.01
1820, 0.01
1830, 0.01
1840, 0.01
1850, 0.01
1860, 0.01
1870, 0.01
1880, 0.01
1890, 0.01
1900, 0.01
1910, 0.01
1920, 0.01
1930, 0.01
1940, 0.01
1950, 0.01
1960, 0.01
1970, 0.01
1980, 0.01
1990, 0.01
2000, 0.01
2010, 0.01
2020, 0.01
2030, 0.01
2040, 0.01
2050, 0.01
2060, 0.01
2070, 0.01
2080, 0.01
2090, 0.01
2100, 0.01
2110, 0.01
2120, 0.01
2130, 0.01
2140, 0.01
2150, 0.01
2160, 0.01
2170, 0.01
2180, 0.01
2190, 0.01
2200, 0.01
2210, 0.01
2220, 0.01
2230, 0.01
2240, 0.01
2250, 0.01
2260, 0.01
2270, 0.01
2280, 0.01
2290, 0.01
2300, 0.01
2310, 0.01
2320, 0.01
2330, 0.01
2340, 0.01
2350, 0.01
2360, 0.01
2370, 0.01
2380, 0.01
2390, 0.01
2400, 0.01
2410, 0.01
2420, 0.01
2430, 0.01
2440, 0.01
2450, 0.01
2460, 0.01
2470, 0.01
2480, 0.01
2490, 0.01
2500, 0.01
2510, 0.01
2520, 0.01
2530, 0.01
2540, 0.01
2550, 0.01
2560, 0.01
2570, 0.01
2580, 0.01
2590, 0.01
2600, 0.01
2610, 0.01
2620, 0.01
2630, 0.01
2640, 0.01
2650, 0.01
2660, 0.01
2670, 0.01
2680, 0.01
2690, 0.01
2700, 0.01
2710, 0.01
2720, 0.01
2730, 0.01
2740, 0.01
2750, 0.01
2760, 0.01
2770, 0.01
2780, 0.01
2790, 0.01
2800, 0.01
2810, 0.01
2820, -0.21
2830, 0.01
2840, 0.01
2850, 0.01
2860, 0.01
2870, 0.01
2880, 0.01
2890, 0.01
2900, 0.01
2910, 0.01
2920, 0.01
2930, 0.01
2940, 0.01
2950, 0.01
2960, 0.01
2970, 0.01
2980, 0.01
2990, 0.01
3000, 0.01
3010, 0.01
3020, 0.01
3030, 0.01
3040, 0.01
3050, 0.01
3060, 0.01
3070, 0.01
3080, 0.01
3090, 0.01
3100, 0.01
3110, 0.01
3120, 0.01
3130, 0.01
3140, 0.01
3150, 0.01
3160, 0.01
3170, 0.01
3180, 0.01
3190, 0.01
3200, 0.01
3210, 0.01
3220, 0.01
3230, 0.01
3240, 0.01
3250, 0.01
3260, 0.01
3270, 0.01
3280, 0.01
3290, 0.01
3300, 0.01
3310, 0.01
3320, 0.01
3330, 0.01
3340, 0.01
3350, 0.01
3360, 0.01
3370, 0.01
3380, 0.01
3390, 0.01
3400, 0.01
3410, 0.01
3420, 0.01
3430, 0.01
3440, 0.01
3450, 0.01
3460, 0.01
3470, 0.01
3480, 0.01
3490, 0.01
3500, 0.01
3510, 0.01
3520, 0.01
3530, 0.01
3540, 0.01
3550, 0.01
3560, 0.01
3570, 0.01
3580, 0.01
3590, 0.01
3600, 0.01
3610, 0.01
3620, 0.01
3630, 0.01
3640, 0.01
3650, 0.01
3660, 0.01
3670, 0.01
3680, 0.01
3690, 0.01
3700, 0.01
3710, 0.01
3720, 0.01
3730, 0.01
3740, 0.01
3750, 0.01
3760, 0.01
3770, 0.01
3780, 0.01
3790, 0.01
3800, 0.01
3810, 0.01
3820, 0.01
3830, 0.01
3840, 0.01
3850, 0.01
3860, 0.01
3870, 0.01
3880, 0.01
3890, 0.01
3900, 0.01
3910, 0.01
3920, 0.01
3930, 0.01
3940, 0.01
3950, 0.01
3960, 0.01
3970, 0.01
3980, 0.01
3990, 0.01
4000, 0.01
4010, 0.01
4020, 0.01
4030, 0.01
4040, 0.01
4050, 0.01
4060, 0.01
4070, 0.01
4080, 0.01
4090, 0.01
4100, 0.01
4110, 0.01
4120, 0.01
4130, 0.01
4140, 0.01
4150, 0.01
4160, 0.01
4170, 0.01
4180, 0.01
4190, 0.01
4200, 0.01
4210, 0.01
4220, 0.01
4230, 0.01
4240, 0.01
4250, 0.01
4260, 0.01
4270, 0.01
4280, 0.01
4290, 0.01
4300, 0.01
4310, 0.01
4320, 0.01
4330, 0.01
4340, 0.01
4350, 0.01
4360, 0.01
4370, 0.01
4380, 0.01
4390, 0.01
4400, 0.01
4410, 0.01
4420, 0.01
4430, 0.01
4440, 0.01
4450, 0.01
4460, 0.01
4470, 0.01
4480, 0.01
4490, 0.01
4500, 0.01
4510, 0.01
4520, 0.01
4530, 0.01
4540, 0.01
4550, 0.01
4560, 0.01
4570, 0.01
4580, 0.01
4590, 0.01
4600, 0.01
4610, 0.01
4620, 0.01
4630, 0.01
4640, 0.01
4650, 0.01
4660, 0.01
4670, 0.01
4680, 0.01
4690, 0.01
4700, 0.01
4710, 0.01
4720, 0.01
4730, 0.01
4740, 0.01
4750, 0.01
4760, 0.01
4770, 0.01
4780, 0.01
4790, 0.01
4800, 0.01
4810, 0.01
4820, 0.01
4830, 0.01
4840, 0.01
4850, 0.01
4860, 0.01
4870, 0.01
4880, 0.01
4890, 0.01
4900, 0.01
4910, 0.01
4920, 0.01
4930, 0.01
4940, 0.01
4950, 0.01
4960, 0.01
4970, 0.01
4980, 0.01
4990, 0.01
5000, 0.01
5010, 0.01
5020, 0.01
5030, 0.01
5040, 0.01
5050, 0.01
5060, 0.01
5070, 0.01
5080, 0.01
5090, 0.01
5100, 0.01
5110, 0.01
5120, 0.01
5130, 0.01
5140, 0.01
5150, 0.01
5160, 0.01
5170, 0.01
5180, 0.01
5190, 0.01
5200, 0.01
5210, 0.01
5220, 0.01
5230, 0.01
5240, 0.01
5250, 0.01
5260, 0.01
5270, 0.01
5280, 0.01
5290, 0.01
5300, 0.01
5310, 0.01
5320, 0.01
5330, 0.01
5340, 0.01
5350, 0.01
5360, 0.01
5370, 0.01
5380, 0.01
5390, 0.01
5400, 0.01
5410, 0.01
5420, 0.01
5430, 0.01
5440, 0.01
5450, 0.01
5460, 0.01
5470, 0.01
5480, 0.01
5490, 0.01
5500, 0.01
5510, 0.01
5520, 0.01
5530, 0.01
5540, 0.01
5550, 0.01
5560, 0.01
5570, 0.01
5580, 0.01
5590, 0.01
5600, 0.01
5610, 0.01
5620, 0.01
5630, 0.01
5640, 0.01
5650, 0.01
5660, 0.01
5670, 0.01
5680, 0.01
5690, 0.01
5700, 0.01
5710, 0.01
5720, 0.01
5730, 0.01
5740, 0.01
5750, 0.01
5760, 0.01
5770, 0.01
5780, 0.01
5790, 0.01
5800, 0.01
5810, 0.01
5820, 0.01
5830, 0.01
5840, 0.01
5850, 0.01
5860, 0.01
5870, 0.01
5880, 0.01
5890, 0.01
5900, 0.01
5910, 0.01
5920, 0.01
5930, 0.01
5940, 0.01
5950, 0.01
5960, 0.01
5970, 0.01
5980, 0.01
5990, 0.01
6000, 0.01
6010, 0.01
6020, 0.01
6030, 0.01
6040, 0.01
6050, 0.01
6060, 0.01
6070, 0.01
6080, 0.01
6090, 0.01
6100, 0.01
6110, 0.01
6120, 0.01
6130, 0.01
6140, 0.01
6150, 0.01
6160, 0.01
6170, 0.01
6180, 0.01
6190, 0.01
6200, 0.01
6210, 0.01
6220, 0.01
6230, 0.01
6240, 0.01
6250, -0.21
6260, 0.01
6270, -0.21
6280, -0.21
6290, 0.01
6300, -0.21
6310, -0.21
6320, -0.21
6330, -0.21
6340, -0.21
6350, -0.21
6360, -0.21
6370, -0.21
6380, -0.21
6390, -0.21
6400, -0.21
6410, -0.21
6420, -0.21
6430, -0.21
6440, -0.21
6450, -0.21
6460, -0.21
6470, -0.21
6480, -0.21
6490, -0.21
6500, 0.01
6510, -0.21
6520, 0.01
6530, 0.01
6540, 0.01
6550, 0.01
6560, 0.01
6570, 0.01
6580, 0.01
6590, 0.01
6600, 0.01
6610, 0.01
6620, 0.01
6630, 0.01
6640, -0.21
6650, -0.21
6660, -0.21
6670, -0.21
6680, -0.21
6690, -0.21
6700, -0.21
6710, -0.21
6720, -0.21
6730, -0.21
6740, -0.21
6750, -0.21
6760, -0.21
6770, -0.21
6780, -0.21
6790, -0.2
6800, -0.2
6810, -0.2
6820, -0.2
6830, -0.2
6840, -0.2
6850, -0.2
6860, -0.2
6870, -0.2
6880, -0.2
6890, -0.41
6900, -0.41
6910, -0.41
6920, -0.19
6930, -0.19
6940, -0.19
6950, -0.19
6960, -0.41
6970, -0.41
6980, -0.41
6990, -0.41
7000, -0.41
7010, -0.41
7020, -0.41
7030, -0.41
7040, -0.41
7050, -0.41
7060, -0.63
7070, -0.63
7080, -0.4
7090, -0.4
7100, -0.62
7110, -0.62
7120, -0.62
7130, -0.61
7140, -0.61
7150, -0.61
7160, -0.83
7170, -0.83
7180, -0.61
7190, -0.83
7200, -0.83
7210, -0.6
7220, -0.82
7230, -0.82
7240, -0.82
7250, -0.82
7260, -1.03
7270, -0.8
7280, -1.02
7290, -1.02
7300, -1.02
7310, -1.24
7320, -1.02
7330, -1.24
7340, -1.45
7350, -1.22
7360, -1.44
7370, -1.44
7380, -1.44
7390, -1.66
7400, -1.43
7410, -1.64
7420, -1.23
7430, -1.22
7440, -1.44
7450, -1.44
7460, -1.43
7470, -1.42
7480, -1.86
7490, -1.86
7500, -1.85
7510, -1.84
7520, -2.06
7530, -2.05
7540, -2.26
7550, -2.26
7560, -2.06
7570, -2.06
7580, -2.27
7590, -2.26
7600, -2.46
7610, -2.68
7620, -2.66
7630, -2.88
7640, -3.1
7650, -2.67
7660, -2.66
7670, -3.31
7680, -3.9
7690, -3.7
7700, -4.14
7710, -4.12
7720, -3.92
7730, -3.9
7740, -5.15
7750, -5.14
7760, -5.56
7770, -5.58
7780, -5.98
7790, -6.18
7800, -6.38
7810, -6.58
7820, -5.56
7830, -6.4
7840, -6.6
7850, -6.8
7860, -6.78
7870, -6.98
7880, -8.03
7890, -7.2
7900, -7.84
7910, -8.24
7920, -8.23
7930, -9.05
7940, -9.46
7950, -9.88
7960, -9.48
7970, -9.67
7980, -10.93
7990, -11.12
8000, -11.31
8010, -11.12
8020, -12.16
8030, -12.34
8040, -12.75
8050, -13.57
8060, -13.37
8070, -13.77
8080, -14.8
8090, -15.6
8100, -16.22
8110, -17.04
8120, -17.3
8130, -17.92
8140, -18.92
8150, -19.54
8160, -20.2
8170, -20.58
8180, -20.98
8190, -20.14
8200, -21.38
8210, -22
8220, -23.46
8230, -22.42
8240, -24.3
8250, -24.7
8260, -23.74
8270, -27.18
8280, -27.58
8290, -27.18
8300, -28.82
8310, -28.72
8320, -30.02
8330, -30.8
8340, -30.8
8350, -32.48
8360, -33.28
8370, -34.48
8380, -36.16
8390, -34.88
8400, -37.4
8410, -37.76
8420, -39
8430, -38.56
8440, -39.8
8450, -41.4
8460, -43.6
8470, -42.68
8480, -44.4
8490, -45.2
8500, -48.6
8510, -47.64
8520, -48.36
8530, -50
8540, -53.4
8550, -54.12
8560, -55.72
8570, -56.52
8580, -56.6
8590, -58.24
8600, -61.6
8610, -60.56
8620, -60.72
8630, -62.32
8640, -64.72
8650, -65.6
8660, -66.24
8670, -67.84
8680, -68.72
8690, -71.2
8700, -72
8710, -72.72
8720, -76
8730, -77.68
8740, -76.88
8750, -80
8760, -82.48
8770, -84.16
8780, -83.92
8790, -84.96
8800, -85.6
8810, -91.2
8820, -89.68
8830, -91.2
8840, -93.52
8850, -96.16
8860, -97.76
8870, -97.68
8880, -100.16
8890, -100.8
8900, -101.76
8910, -106
8920, -105.6
8930, -108.16
8940, -110.72
8950, -112.48
8960, -116.48
8970, -118.88
8980, -120.32
8990, -121.12
9000, -125.28
9010, -127.68
9020, -130.24
9030, -130.24
9040, -135.2
9050, -136
9060, -137.28
9070, -139.84
9080, -140.64
9090, -143.2
9100, -145.6
9110, -148.16
9120, -150.4
9130, -151.2
9140, -155.2
9150, -156.8
9160, -158.88
9170, -161.44
9180, -164
9190, -167.36
9200, -168.96
9210, -170.24
9220, -172.64
9230, -173.28
9240, -178.4
9250, -181.92
9260, -182.24
9270, -187.68
9280, -187.68
9290, -190.88
9300, -195.04
9310, -196.64
9320, -200.8
9330, -200.48
9340, -205.6
9350, -207.04
9360, -209.28
9370, -212.16
9380, -213.76
9390, -219.52
9400, -221.44
9410, -223.36
9420, -226.88
9430, -231.68
9440, -233.28
9450, -235.52
9460, -238.72
9470, -241.6
9480, -243.2
9490, -246.4
9500, -252.16
9510, -254.72
9520, -257.92
9530, -261.76
9540, -264.32
9550, -267.84
9560, -269.44
9570, -273.6
9580, -274.88
9590, -279.36
9600, -281.6
9610, -284.16
9620, -287.04
9630, -287.04
9640, -291.52
9650, -294.08
9660, -297.92
9670, -298.56
9680, -301.76
9690, -303.36
9700, -307.52
9710, -310.4
9720, -315.52
9730, -319.36
9740, -321.28
9750, -322.56
9760, -324.16
9770, -326.08
9780, -331.2
9790, -332.8
9800, -337.6
9810, -341.76
9820, -344.96
9830, -347.52
9840, -350.4
9850, -352.96
9860, -360.64
9870, -386.24
9880, -414.72
9890, -460.16
9900, -527.04
9910, -621.44
9920, -720
9930, -829.44
9940, -966.08
9950, -1076.16
9960, -1216.64
9970, -1382.08
9980, -1515.2
9990, -1650.88
10000, -1810.24
10010, -1927.68
10020, -2019.84
10030, -2117.76
10040, -2185.6
10050, -2210.56
10060, -2261.12
10070, -2280.96
10080, -2305.28
10090, -2315.52
10100, -2323.84
10110, -2271.36
10120, -2350.72
10130, -2375.68
10140, -2382.72
10150, -2393.6
10160, -2423.68
10170, -2428.16
10180, -2440.96
10190, -2459.52
10200, -2480.64
10210, -2486.4
10220, -2503.68
10230, -2520.32
10240, -2535.04
10250, -2554.88
10260, -2561.92
10270, -2583.68
10280, -2594.56
10290, -2609.28
10300, -2622.08
10310, -2637.44
10320, -2645.12
10330, -2664.32
10340, -2684.8
10350, -2698.24
10360, -2725.76
10370, -2737.92
10380, -2757.76
10390, -2780.8
10400, -2797.44
10410, -2812.8
10420, -2840.32
10430, -2872.32
10440, -2898.56
10450, -2933.76
10460, -2947.84
10470, -2983.04
10480, -2999.68
10490, -3032.32
10500, -3058.56
10510, -3090.56
10520, -3116.8
10530, -3144.32
10540, -3173.12
10550, -3211.52
10560, -3223.68
10570, -3261.44
10580, -3292.8
10590, -3319.04
10600, -3345.92
10610, -3372.8
10620, -3402.88
10630, -3447.04
10640, -3470.72
10650, -3484.8
10660, -3521.28
10670, -3557.12
10680, -3590.4
10690, -3613.44
10700, -3644.16
10710, -3677.44
10720, -3710.72
10730, -3744
10740, -3769.6
10750, -3813.12
10760, -3822.72
10770, -3866.88
10780, -3896.96
10790, -3928.96
10800, -3941.76
10810, -3987.84
10820, -4002.56
10830, -4059.52
10840, -4087.04
10850, -4117.12
10860, -4144.64
10870, -4170.88
10880, -4199.68
10890, -4236.8
10900, -4254.72
10910, -4275.84
10920, -4323.2
10930, -4331.52
10940, -4363.52
10950, -4382.72
10960, -4416.64
10970, -4444.16
10980, -4463.36
10990, -4478.08
11000, -4501.12
11010, -4515.2
11020, -4538.88
11030, -4549.76
11040, -4590.72
11050, -4605.44
11060, -4632.96
11070, -4663.04
11080, -4696.96
11090, -4745.6
11100, -4770.56
11110, -4808.32
11120, -4830.72
11130, -4839.04
11140, -4835.2
11150, -4858.88
11160, -4880.64
11170, -4872.96
11180, -4872.96
11190, -4890.88
11200, -4912.64
11210, -4939.52
11220, -4945.92
11230, -4962.56
11240, -5022.72
11250, -5057.28
11260, -5102.08
11270, -5152
11280, -5210.88
11290, -5248
11300, -5292.8
11310, -5332.48
11320, -5410.56
11330, -5450.24
11340, -5501.44
11350, -5583.36
11360, -5661.44
11370, -5726.72
11380, -5797.12
11390, -5863.68
11400, -5917.44
11410, -5969.92
11420, -6017.28
11430, -6049.28
11440, -6103.04
11450, -6142.72
11460, -6177.28
11470, -6225.92
11480, -6272
11490, -6309.12
11500, -6362.88
11510, -6388.48
11520, -6426.88
11530, -6488.32
11540, -6529.28
11550, -6590.72
11560, -6636.8
11570, -6680.32
11580, -6728.96
11590, -6786.56
11600, -6836.48
11610, -6877.44
11620, -6909.44
11630, -6923.52
11640, -6932.48
11650, -6927.36
11660, -6906.92
11670, -6892.8
11680, -6877.42
11690, -6841.56
11700, -6819.86
11710, -6780.14
11720, -6766.1
11730, -6807.04
11740, -6878.72
11750, -6937.62
11760, -7004.14
11770, -7064.32
11780, -7155.22
11790, -7191.04
11800, -7248.68
11810, -7304.94
11820, -7339.56
11830, -7392
11840, -7429.08
11850, -7450.9
11860, -7458.58
11870, -7509.8
11880, -7499.52
11890, -7467.48
11900, -7459.88
11910, -7479.04
11920, -7535.34
11930, -7603.2
11940, -7660.78
11950, -7711.98
11960, -7837.4
11970, -7944.94
11980, -8051.16
11990, -8175.36
12000, -8256
12010, -8400.64
12020, -8529.9
12030, -8610.54
12040, -8728.32
12050, -8789.78
12060, -8847.4
12070, -8975.38
12080, -9025.26
12090, -9103.38
12100, -9196.78
12110, -9288.94
12120, -9338.92
12130, -9404.12
12140, -9396.5
12150, -9455.4
12160, -9454.1
12170, -9484.82
12180, -9527
12190, -9518.08
12200, -9570.6
12210, -9527.04
12220, -9560.3
12230, -9579.5
12240, -9651.24
12250, -9753.64
12260, -9830.44
12270, -9955.84
12280, -10009.6
12290, -10042.9
12300, -10069.7
12310, -10104.3
12320, -10147.9
12330, -10183.7
12340, -10142.7
12350, -10187.5
12360, -10211.8
12370, -10260.5
12380, -10284.8
12390, -10356.5
12400, -10421.8
12410, -10521.6
12420, -10615.1
12430, -10740.5
12440, -10837.8
12450, -10887.7
12460, -10991.3
12470, -10990
12480, -11070.7
12490, -11143.7
12500, -11210.2
12510, -11308.8
12520, -11408.7
12530, -11430.4
12540, -11499.5
12550, -11559.7
12560, -11600.6
12570, -11667.2
12580, -11699.2
12590, -11735.1
12600, -11760.6
12610, -11747.8
12620, -11664.7
12630, -11621.1
12640, -11630.1
12650, -11538
12660, -11440.6
12670, -11427.8
12680, -11484.2
12690, -11545.6
12700, -11619.8
12710, -11673.6
12720, -11811.9
12730, -11834.9
12740, -11932.2
12750, -12083.2
12760, -12144.6
12770, -12231.7
12780, -12249.6
12790, -12247.1
12800, -12293.1
12810, -12354.6
12820, -12451.9
12830, -12538.8
12840, -12677.2
12850, -12838.4
12860, -12992
12870, -13107.2
12880, -13209.6
12890, -13268.5
12900, -13299.2
12910, -13386.2
12920, -13358.1
12930, -13345.3
12940, -13327.3
12950, -13447.7
12960, -13350.4
12970, -13378.6
12980, -13445.1
12990, -13470.7
13000, -13603.9
13010, -13665.3
13020, -13765.2
13030, -13911
13040, -14028.8
13050, -14123.5
13060, -14241.3
13070, -14300.2
13080, -14448.6
13090, -14563.8
13100, -14691.9
13110, -14720
13120, -14761
13130, -14837.7
13140, -14909.5
13150, -15022.1
13160, -15173.1
13170, -15150.1
13180, -15098.8
13190, -15137.3
13200, -15078.4
13210, -14981.2
13220, -14968.3
13230, -15032.3
13240, -14924.8
13250, -15019.5
13260, -15162.9
13270, -15145
13280, -15055.4
13290, -15132.2
13300, -15101.4
13310, -15134.7
13320, -15298.6
13330, -15329.3
13340, -15413.8
13350, -15493.2
13360, -15564.8
13370, -15672.3
13380, -15749.2
13390, -15956.5
13400, -16048.6
13410, -16079.4
13420, -16099.9
13430, -16158.7
13440, -16076.8
13450, -16143.4
13460, -16266.2
13470, -16501.7
13480, -16509.4
13490, -16839.6
13500, -16970.3
13510, -17057.3
13520, -17159.7
13530, -17397.7
13540, -17482.2
13550, -17556.5
13560, -17630.7
13570, -17712.7
13580, -17699.8
13590, -17689.6
13600, -17728
13610, -17751
13620, -17922.6
13630, -17961
13640, -18160.6
13650, -18393.6
13660, -18534.4
13670, -18841.6
13680, -18996.5
13690, -19220.4
13700, -19310.1
13710, -19523.8
13720, -19750.4
13730, -19923.2
13740, -20073
13750, -20213.7
13760, -20290.6
13770, -20354.6
13780, -20367.4
13790, -20441.6
13800, -20410.9
13810, -20380.2
13820, -20419.8
13830, -20430.1
13840, -20335.4
13850, -20312.3
13860, -20311
13870, -20349.5
13880, -20308.5
13890, -20188.2
13900, -20341.8
13910, -20349.4
13920, -20329
13930, -20377.6
13940, -20528.6
13950, -20569.6
13960, -20810.3
13970, -20794.9
13980, -20759
13990, -20702.7
14000, -20766.7
14010, -20851.2
14020, -20828.1
14030, -20725.8
14040, -20692.5
14050, -20561.9
14060, -20469.8
14070, -20587.5
14080, -20656.6
14090, -20738.6
14100, -20812.8
14110, -20999.7
14120, -21163.5
14130, -21219.9
14140, -21378.5
14150, -21537.2
14160, -21795.9
14170, -21969.9
14180, -22041.6
14190, -22010.9
14200, -22021.1
14210, -21980.1
14220, -22051.9
14230, -22069.8
14240, -21949.5
14250, -22000.6
14260, -22018.6
14270, -22049.3
14280, -21987.9
14290, -21893.1
14300, -21870.1
14310, -21985.3
14320, -21969.9
14330, -22090.2
14340, -22243.8
14350, -22182.4
14360, -22200.4
14370, -22105.6
14380, -22274.5
14390, -22300.2
14400, -22428.1
14410, -22469.1
14420, -22671.4
14430, -22676.5
14440, -22853.2
14450, -22684.2
14460, -22873.6
14470, -23293.4
14480, -23316.5
14490, -23329.3
14500, -23475.2
14510, -23447
14520, -23554.5
14530, -23516.2
14540, -23703
14550, -23552
14560, -23413.8
14570, -23383
14580, -23329.3
14590, -23296
14600, -23252.5
14610, -22919.7
14620, -22958.1
14630, -22927.3
14640, -22673.9
14650, -22443.5
14660, -22218.2
14670, -22174.7
14680, -22277.2
14690, -22174.7
14700, -22185
14710, -22210.5
14720, -22256.7
14730, -22440.9
14740, -22822.4
14750, -23250
14760, -23695.3
14770, -24148.5
14780, -24826.9
14790, -25505.2
14800, -26060.8
14810, -26480.6
14820, -26703.3
14830, -26780.1
14840, -26759.7
14850, -26729
14860, -26790.4
14870, -26810.9
14880, -26764.8
14890, -26631.7
14900, -26483.2
14910, -26150.4
14920, -25912.4
14930, -25569.3
14940, -25635.8
14950, -25466.9
14960, -25315.9
14970, -25159.7
14980, -24591.4
14990, -24335.4
15000, -24074.2
15010, -24151.1
15020, -24130.5
15030, -24361
15040, -24437.8
15050, -24437.7
15060, -24550.4
15070, -24616.9
15080, -24842.2
15090, -25241.6
15100, -25518.1
15110, -26076.2
15120, -27005.4
15130, -27717.1
15140, -28303.3
15150, -28963.8
15160, -29550.1
15170, -30190
15180, -30824.9
15190, -31352.3
15200, -31782.4
15210, -32071.7
15220, -32465.9
15230, -32634.9
15240, -32896
15250, -33007.4
15260, -33227.5
15270, -33290.3
15280, -33370.9
15290, -33546.3
15300, -33620.4
15310, -33714
15320, -33781.7
15330, -33866.2
15340, -33941.7
15350, -33960.9
15360, -34080
15370, -34145.3
15380, -34142.7
15390, -34127.3
15400, -34007
15410, -33973.8
15420, -33835.5
15430, -33536
15440, -33633.3
15450, -33656.4
15460, -33589.8
15470, -33472
15480, -33182.7
15490, -33031.7
15500, -32908.8
15510, -32465.9
15520, -32481.3
15530, -32529.9
15540, -32394.3
15550, -31879.7
15560, -31805.5
15570, -31651.9
15580, -31536.6
15590, -31508.5
15600, -31792.7
15610, -32128
15620, -32668.1
15630, -32988.2
15640, -33277.4
15650, -33763.9
15660, -34268.1
15670, -34657.2
15680, -34880
15690, -35002.9
15700, -35397.1
15710, -35752.9
15720, -35837.5
15730, -35975.7
15740, -36093.4
15750, -36234.3
15760, -36198.4
15770, -36326.4
15780, -36354.5
15790, -36426.3
15800, -36585
15810, -36874.3
15820, -37063.7
15830, -37286.4
15840, -37544.9
15850, -37772.8
15860, -37916.1
15870, -37875.2
15880, -38069.7
15890, -38181.1
15900, -38321.9
15910, -38336
15920, -38461.5
15930, -38305.2
15940, -38512.6
15950, -38545.9
15960, -38313
15970, -37798.4
15980, -37416.9
15990, -37048.3
16000, -36364.8
16010, -35712
16020, -34741.8
16030, -34027.5
16040, -33408
16050, -32716.8
16060, -31959
16070, -31339.5
16080, -31006.7
16090, -30771.2
16100, -31185.9
16110, -31948.8
16120, -32317.5
16130, -32727.1
16140, -33356.8
16150, -33940.5
16160, -34580.5
16170, -34805.7
16180, -35010.5
16190, -35051.5
16200, -35548.1
16210, -35200
16220, -35046.4
16230, -33955.8
16240, -33725.4
16250, -33203.2
16260, -32645.1
16270, -32138.3
16280, -31800.3
16290, -31400.9
16300, -31288.3
16310, -30919.7
16320, -30822.4
16330, -30597.1
16340, -30407.7
16350, -30474.2
16360, -30423.1
16370, -30320.6
16380, -30325.8
16390, -30305.3
16400, -30474.2
16410, -30740.5
16420, -31206.4
16430, -31718.4
16440, -32317.4
16450, -33003.5
16460, -33121.3
16470, -33187.9
16480, -34135
16490, -35481.6
16500, -36730.9
16510, -37562.9
16520, -38609.9
16530, -39480.3
16540, -40020.5
16550, -40888.3
16560, -41587.2
16570, -41630.7
16580, -42209.3
16590, -42270.7
16600, -42104.3
16610, -41674.2
16620, -41733.1
16630, -41088
16640, -40148.4
16650, -39493.1
16660, -39600.7
16670, -38528
16680, -37760
16690, -37027.9
16700, -36121.6
16710, -36469.8
16720, -35783.7
16730, -35317.8
16740, -34657.3
16750, -35061.8
16760, -35466.2
16770, -35819.5
16780, -35942.4
16790, -35840
16800, -35619.8
16810, -35578.9
16820, -35768.3
16830, -35916.8
16840, -36157.5
16850, -36183.1
16860, -36434
16870, -36126.7
16880, -36597.7
16890, -36730.8
16900, -36910
16910, -37217.3
16920, -37319.7
16930, -37360.6
16940, -37329.9
16950, -37263.3
16960, -37304.3
16970, -37084.2
16980, -37534.7
16990, -37683.2
17000, -37693.4
17010, -38220.8
17020, -39275.6
17030, -39490.6
17040, -40581.1
17050, -40960
17060, -42370.6
17070, -42613.7
17080, -42567.7
17090, -43202.5
17100, -44021.7
17110, -44165.1
17120, -44451.8
17130, -44833.2
17140, -44841
17150, -44930.5
17160, -45012.5
17170, -44840.9
17180, -44830.8
17190, -44741.1
17200, -44561.9
17210, -43607.1
17220, -42792.9
17230, -41769
17240, -41303
17250, -41333.8
17260, -41297.9
17270, -40345.6
17280, -40524.8
17290, -39884.8
17300, -39746.6
17310, -39326.7
17320, -39465
17330, -39352.3
17340, -39772.2
17350, -39485.4
17360, -39091.2
17370, -38922.2
17380, -38850.6
17390, -38707.2
17400, -37611.5
17410, -37406.7
17420, -36531.2
17430, -36454.4
17440, -36362.2
17450, -36131.9
17460, -36311
17470, -36070.4
17480, -36167.6
17490, -36336.7
17500, -35947.5
17510, -36172.8
17520, -36741.1
17530, -37017.6
17540, -37196.8
17550, -37760
17560, -38215.7
17570, -38983.7
17580, -39889.9
17590, -40238.1
17600, -39961.6
17610, -40079.4
17620, -40156.2
17630, -40330.2
17640, -40258.5
17650, -40084.5
17660, -39731.2
17670, -39618.6
17680, -38558.8
17690, -38128.6
17700, -37186.6
17710, -36736
17720, -35921.9
17730, -34810.8
17740, -35005.4
17750, -34426.9
17760, -34467.8
17770, -34723.8
17780, -34938.9
17790, -34821.1
17800, -35046.4
17810, -34851.9
17820, -35112.9
17830, -35194.9
17840, -35200
17850, -35148.8
17860, -35384.3
17870, -35194.9
17880, -34933.7
17890, -34621.4
17900, -34549.7
17910, -34268.1
17920, -34478.1
17930, -34585.6
17940, -34897.9
17950, -35307.5
17960, -35660.8
17970, -36142.1
17980, -36270.1
17990, -36536.3
18000, -36838.4
18010, -36971.5
18020, -36761.6
18030, -36382.7
18040, -36116.5
18050, -35742.7
18060, -35174.4
18070, -34682.9
18080, -34616.4
18090, -34078.7
18100, -33638.4
18110, -33587.2
18120, -33546.3
18130, -33269.8
18140, -33628.2
18150, -33710.1
18160, -34426.8
18170, -34283.5
18180, -36597.8
18190, -37222.4
18200, -36935.7
18210, -35266.6
18220, -39270.4
18230, -38809.6
18240, -40181.7
18250, -38645.8
18260, -39828.4
18270, -42670
18280, -42577.9
18290, -42634.2
18300, -42767.4
18310, -42629.1
18320, -42501.1
18330, -42414.1
18340, -41610.2
18350, -42204.1
18360, -41825.3
18370, -41620.5
18380, -41441.2
18390, -40847.3
18400, -41553.9
18410, -41246.7
18420, -41978.9
18430, -41180.1
18440, -41610.2
18450, -42270.7
18460, -41799.7
18470, -42173.4
18480, -43095.1
18490, -42444.8
18500, -41344
18510, -42137.6
18520, -41113.6
18530, -40504.3
18540, -39869.4
18550, -39459.9
18560, -39874.6
18570, -40186.9
18580, -39326.7
18590, -38435.9
18600, -36090.8
18610, -35840
18620, -36136.9
18630, -35850.2
18640, -35747.8
18650, -35942.4
18660, -35778.6
18670, -35338.2
18680, -35737.6
18690, -34785.3
18700, -34867.2
18710, -34877.4
18720, -34764.8
18730, -34355.2
18740, -34293.8
18750, -35635.2
18760, -37242.9
18770, -37283.8
18780, -38010.9
18790, -38246.4
18800, -39285.8
18810, -39434.3
18820, -39603.2
18830, -39741.4
18840, -39357.5
18850, -38993.9
18860, -38466.6
18870, -37606.4
18880, -37089.3
18890, -36270.1
18900, -35921.9
18910, -36014.1
18920, -38010.9
18930, -37109.8
18940, -36239.3
18950, -36249.6
18960, -34365.4
18970, -33914.9
18980, -33402.9
18990, -33024
19000, -32931.8
19010, -32430.1
19020, -32276.4
19030, -33464.3
19040, -32174.1
19050, -32798.7
19060, -33730.6
19070, -33843.2
19080, -35440.6
19090, -36229.1
19100, -36167.6
19110, -38225.9
19120, -38016
19130, -38952.9
19140, -40053.7
19150, -40765.4
19160, -40852.5
19170, -40913.9
19180, -41164.8
19190, -41154.6
19200, -40642.6
19210, -40135.7
19220, -39398.4
19230, -38748.1
19240, -40611.8
19250, -39347.2
19260, -38133.8
19270, -37591.1
19280, -37949.4
19290, -38062.1
19300, -39285.8
19310, -40540.2
19320, -39751.7
19330, -39659.5
19340, -38625.3
19350, -39705.6
19360, -38441
19370, -39444.5
19380, -38983.7
19390, -38994
19400, -38830
19410, -38830.1
19420, -39823.4
19430, -39137.3
19440, -38686.7
19450, -39889.9
19460, -41016.3
19470, -39321.6
19480, -37519.4
19490, -38993.9
19500, -41011.2
19510, -37468.1
19520, -38502.4
19530, -37273.6
19540, -37560.3
19550, -36915.2
19560, -36741.1
19570, -37550.1
19580, -37539.8
19590, -37048.3
19600, -37365.8
19610, -37908.5
19620, -36157.5
19630, -35809.2
19640, -34539.5
19650, -34068.5
19660, -33761.3
19670, -33126.4
19680, -33218.6
19690, -32348.2
19700, -32337.9
19710, -33034.3
19720, -33914.9
19730, -34539.5
19740, -36229.1
19750, -37365.8
19760, -37990.4
19770, -36689.9
19780, -38266.9
19790, -37724.1
19800, -38994
19810, -39301.1
19820, -39383
19830, -39106.5
19840, -38840.3
19850, -38676.5
19860, -37775.4
19870, -37621.7
19880, -37570.5
19890, -36720.6
19900, -36485.1
19910, -36024.3
19920, -35962.9
19930, -35604.5
19940, -35962.8
19950, -34949.1
19960, -34918.4
19970, -34938.9
19980, -35010.5
19990, -34918.4
20000, -34314.2
20010, -34642
20020, -34662.4
20030, -34979.9
20040, -34621.4
20050, -34232.3
20060, -33392.6
20070, -33515.5
20080, -34314.2
20090, -33310.8
20100, -35153.9
20110, -34334.7
20120, -32962.6
20130, -33740.8
20140, -33945.6
20150, -34109.4
20160, -32040.9
20170, -33362
20180, -35922
20190, -40765.4
20200, -36157.4
20210, -40826.9
20220, -41646.1
20230, -40028.2
20240, -41912.3
20250, -41338.9
20260, -40161.2
20270, -40540.1
20280, -40714.2
20290, -38512.7
20300, -34979.9
20310, -39710.8
20320, -34048
20330, -34242.6
20340, -34150.4
20350, -34109.5
20360, -34365.5
20370, -34652.1
20380, -34396.2
20390, -35082.2
20400, -33843.2
20410, -34969.6
20420, -35123.2
20430, -34764.8
20440, -34682.8
20450, -34170.8
20460, -34170.8
20470, -33914.8
20480, -33146.9
20490, -32133.2
20500, -30986.2
20510, -32716.8
20520, -31252.5
20530, -30013.5
20540, -29204.5
20550, -29450.3
20560, -29624.3
20570, -30648.4
20580, -30156.8
20590, -30464
20600, -29184
20610, -29829.1
20620, -29419.6
20630, -28682.2
20640, -28702.7
20650, -28426.3
20660, -29655
20670, -30679.1
20680, -30627.8
20690, -31324.2
20700, -31109.1
20710, -32870.4
20720, -29429.7
20730, -30423
20740, -30535.7
20750, -31406.1
20760, -32256
20770, -31109.1
20780, -30197.7
20790, -31395.9
20800, -31692.8
20810, -31651.8
20820, -31313.9
20830, -31508.5
20840, -31569.9
20850, -31078.4
20860, -30750.7
20870, -30382.1
20880, -32071.7
20890, -32849.9
20900, -33003.6
20910, -32737.3
20920, -32583.7
20930, -32204.8
20940, -31928.3
20950, -31846.4
20960, -30965.8
20970, -31406.1
20980, -30310.4
20990, -30556.1
21000, -29911.1
21010, -32460.8
21020, -29696
21030, -29009.9
21040, -29194.3
21050, -29009.9
21060, -29921.3
21070, -28610.6
21080, -28436.4
21090, -27770.9
21100, -27351.1
21110, -27361.2
21120, -27361.3
21130, -27330.6
21140, -27248.6
21150, -27545.6
21160, -27228.2
21170, -27197.4
21180, -27023.3
21190, -27473.9
21200, -27125.7
21210, -27074.6
21220, -27258.9
21230, -27177
21240, -27095.1
21250, -27156.4
21260, -27166.8
21270, -27248.6
21280, -27177
21290, -27146.2
21300, -27013.1
21310, -27033.6
21320, -27033.6
21330, -27074.6
21340, -27095.1
21350, -28098.6
21360, -27402.2
21370, -27422.7
21380, -27525.1
21390, -27842.6
21400, -28160
21410, -27740.2
21420, -28508.1
21430, -28835.9
21440, -28446.7
21450, -28538.8
21460, -27750.4
21470, -28272.6
21480, -27545.6
21490, -27002.9
21500, -27422.7
21510, -27197.5
21520, -26920.9
21530, -26992.6
21540, -27064.3
21550, -27095
21560, -26941.5
21570, -26951.7
21580, -27074.5
21590, -27105.3
21600, -27197.4
21610, -26890.3
21620, -26951.7
21630, -27023.4
21640, -26951.7
21650, -27095
21660, -26982.4
21670, -26961.9
21680, -26961.9
21690, -26941.4
21700, -26716.2
21710, -26798
21720, -26787.9
21730, -26818.6
21740, -26900.5
21750, -26910.8
21760, -26972.2
21770, -26787.8
21780, -26890.3
21790, -26757.2
21800, -26910.7
21810, -26849.3
21820, -26849.3
21830, -27013.1
21840, -26982.4
21850, -26849.2
21860, -26951.7
21870, -26900.5
21880, -26808.3
21890, -26849.3
21900, -27023.4
21910, -26951.7
21920, -26900.5
21930, -27023.3
21940, -27002.8
21950, -26921
21960, -26890.3
21970, -26962
21980, -27054.1
21990, -26869.7
22000, -26818.6
22010, -26921
22020, -26828.8
22030, -26859.5
22040, -26900.5
22050, -26992.6
22060, -26828.8
22070, -26859.5
22080, -26675.2
22090, -26818.6
22100, -26685.4
22110, -26757.1
22120, -26767.4
22130, -26880
22140, -26910.8
22150, -26818.5
22160, -26839.1
22170, -26603.6
22180, -26757.1
22190, -26828.8
22200, -26664.9
22210, -26818.6
22220, -26828.8
22230, -26706
22240, -26767.4
22250, -26767.4
22260, -26644.4
22270, -26644.5
22280, -26705.9
22290, -26849.3
22300, -26705.9
22310, -26664.9
22320, -26705.9
22330, -26726.4
22340, -26726.4
22350, -26726.4
22360, -26664.9
22370, -26644.5
22380, -26583
22390, -26562.5
22400, -26685.5
22410, -26460.2
22420, -26562.6
22430, -26583
22440, -26480.7
22450, -26460.2
22460, -26460.1
22470, -26583
22480, -26460.1
22490, -26583.1
22500, -26583
22510, -26501.1
22520, -26337.3
22530, -26501.1
22540, -26460.1
22550, -26460.1
22560, -26521.6
22570, -26357.8
22580, -26419.2
22590, -26603.5
22600, -26521.6
22610, -26562.5
22620, -26542.1
22630, -26501.1
22640, -26583
22650, -26603.5
22660, -26521.6
22670, -26480.6
22680, -26357.8
22690, -26460.2
22700, -26460.2
22710, -26378.2
22720, -26480.7
22730, -26378.2
22740, -26460.1
22750, -26664.9
22760, -26398.7
22770, -26501.1
22780, -26460.1
22790, -26378.2
22800, -26398.7
22810, -26480.7
22820, -26542.1
22830, -26521.6
22840, -26480.7
22850, -26398.8
22860, -26378.2
22870, -26378.3
22880, -26439.6
22890, -26439.7
22900, -26501.1
22910, -26521.6
22920, -26665
22930, -26398.8
22940, -26521.6
22950, -26398.7
22960, -26439.7
22970, -26275.9
22980, -26296.3
22990, -26275.9
23000, -26439.7
23010, -26255.3
23020, -26316.8
23030, -26337.3
23040, -26398.7
23050, -26296.3
23060, -26419.2
23070, -26378.2
23080, -26337.2
23090, -26193.9
23100, -26419.2
23110, -26296.4
23120, -26275.8
23130, -26398.7
23140, -26337.3
23150, -26398.7
23160, -26214.4
23170, -26091.5
23180, -26234.9
23190, -26275.9
23200, -26255.3
23210, -26296.3
23220, -26234.9
23230, -26132.5
23240, -26214.4
23250, -26112
23260, -26152.9
23270, -26255.3
23280, -26152.9
23290, -26030
23300, -26173.4
23310, -26173.5
23320, -26316.8
23330, -26255.3
23340, -26112
23350, -26234.9
23360, -26152.9
23370, -26275.9
23380, -26214.4
23390, -26316.8
23400, -26214.4
23410, -26255.3
23420, -26132.5
23430, -26173.4
23440, -26296.4
23450, -26173.4
23460, -26152.9
23470, -26214.4
23480, -26132.4
23490, -26173.4
23500, -25886.7
23510, -25845.7
23520, -25763.9
23530, -26234.9
23540, -25579.6
23550, -24862.8
23560, -25866.2
23570, -25722.8
23580, -24862.7
23590, -22732.8
23600, -12328.9
23610, -14520.3
23620, -12902.4
23630, -12144.6
23640, -7987.2
23650, -8335.3
23660, -9379.8
23670, -10977.2
23680, -9523.2
23690, -8540.1
23700, -15052.8
23710, -15769.6
23720, -18575.3
23730, -16711.7
23740, -8949.7
23750, -19988.5
23760, -22343.7
23770, -22302.8
23780, -22261.7
23790, -19988.4
23800, -22569
23810, -21155.8
23820, -22098
23830, -22302.7
23840, -19742.7
23850, -23408.7
23860, -23367.6
23870, -24657.9
23880, -24842.3
23890, -24125.4
23900, -23060.4
23910, -24658
23920, -26050.5
23930, -23490.5
23940, -25641
23950, -25456.6
23960, -26050.6
23970, -26030.1
23980, -26009.6
23990, -25989.2
24000, -26030.1
24010, -25538.6
24020, -26152.9
24030, -25886.7
24040, -26193.9
24050, -25825.3
24060, -25989.1
24070, -26112
24080, -26132.4
24090, -25968.7
24100, -26132.5
24110, -26071.1
24120, -26112
24130, -26132.5
24140, -26050.6
24150, -26030.1
24160, -25989.1
24170, -25866.2
24180, -25722.9
24190, -25784.3
24200, -26030.1
24210, -26173.5
24220, -25743.3
24230, -23859.2
24240, -19578.9
24250, -19947.6
24260, -21606.4
24270, -22712.3
24280, -11448.3
24290, -16916.5
24300, -11837.4
24310, -11018.3
24320, -17367.1
24330, -11345.9
24340, -8806.4
24350, -13045.7
24360, -13639.7
24370, -7659.5
24380, -24739.8
24390, -10833.9
24400, -9379.8
24410, -12103.7
24420, -11468.8
24430, -9953.3
24440, -6758.4
24450, -6389.7
24460, -11059.2
24470, -19189.7
24480, -20398.1
24490, -20561.9
24500, -21053.4
24510, -18022.4
24520, -21504
24530, -22302.8
24540, -21893.2
24550, -25026.5
24560, -22876.2
24570, -25415.7
24580, -25292.8
24590, -25333.7
24600, -25333.8
24610, -25497.6
24620, -25354.2
24630, -25559
24640, -24719.4
24650, -24821.7
24660, -25190.4
24670, -25231.4
24680, -25661.5
24690, -24944.7
24700, -25149.4
24710, -25538.6
24720, -25661.4
24730, -25538.6
24740, -25477.1
24750, -25456.7
24760, -25784.3
24770, -25743.3
24780, -25661.5
24790, -25620.4
24800, -25825.3
24810, -25333.8
24820, -25948.2
24830, -25620.5
24840, -25722.9
24850, -24903.7
24860, -23715.8
24870, -25231.4
24880, -22569
24890, -17858.6
24900, -20111.4
24910, -17182.7
24920, -16711.7
24930, -16691.2
24940, -17715.2
24950, -18944
24960, -20336.6
24970, -20602.8
24980, -18739.2
24990, -19927.1
25000, -22056.9
25010, -25641
25020, -25600
25030, -25722.9
25040, -25804.8
25050, -25743.4
25060, -25907.2
25070, -25681.9
25080, -25661.4
25090, -25600
25100, -25579.6
25110, -25743.4
25120, -25784.4
25130, -25743.4
25140, -25661.5
25150, -25681.9
25160, -25722.9
25170, -25661.4
25180, -25763.8
25190, -25702.4
25200, -25763.8
25210, -25722.8
25220, -25702.4
25230, -25763.9
25240, -25681.9
25250, -25681.9
25260, -25559.1
25270, -25661.5
25280, -25641
25290, -25579.5
25300, -25641
25310, -25579.5
25320, -25620.5
25330, -25538.5
25340, -25333.7
25350, -25436.2
25360, -25477.2
25370, -25436.2
25380, -25640.9
25390, -25559.1
25400, -25497.6
25410, -25538.6
25420, -25538.6
25430, -25497.6
25440, -25415.7
25450, -25456.6
25460, -25169.9
25470, -25436.1
25480, -25436.1
25490, -25231.4
25500, -25477.1
25510, -25415.7
25520, -25395.2
25530, -25415.7
25540, -25210.9
25550, -25538.5
25560, -25088
25570, -25210.9
25580, -25088
25590, -25292.8
25600, -25333.7
25610, -25313.2
25620, -25436.2
25630, -25108.4
25640, -25129
25650, -25026.6
25660, -25129
25670, -25108.5
25680, -24985.6
25690, -25047
25700, -22712.3
25710, -25128.9
25720, -25292.8
25730, -25415.7
25740, -25190.4
25750, -24494
25760, -24842.2
25770, -25026.5
25780, -24760.3
25790, -24535.1
25800, -24145.9
25810, -23695.4
25820, -24473.6
25830, -24064
25840, -24145.9
25850, -24330.3
25860, -24473.6
25870, -24494.1
25880, -23142.4
25890, -23347.2
25900, -23654.4
25910, -23715.8
25920, -24801.3
25930, -24043.5
25940, -21852.2
25950, -22077.4
25960, -20889.6
25970, -22323.2
25980, -19804.2
25990, -15667.2
26000, -12226.6
26010, -16240.6
26020, -14499.8
26030, -16302.1
26040, -12861.5
26050, -13271
26060, -4096
26070, -17551.3
26080, 4014.1
26090, 10076.1
26100, 18810.9
26110, 19968
26120, 24381.5
26130, 28856.3
26140, 9482.2
26150, 16978
26160, 35010.6
26170, 37417
26180, 34836.5
26190, 36341.7
26200, 37954.6
26210, 35348.5
26220, 15104
26230, 24412.2
26240, 23562.2
26250, 8437.7
26260, -18575.4
26270, -21852.1
26280, 18565.1
26290, 40069.1
26300, 12810.2
26310, -5754.9
26320, -389.1
26330, 4628.5
26340, 10639.3
26350, -8048.6
26360, 15626.2
26370, 7004.2
26380, 24320
26390, 10240
26400, 29143
26410, 23726.1
26420, 31313.9
26430, 25722.9
26440, 20326.4
26450, 18882.5
26460, 34278.4
26470, 41610.2
26480, 31201.2
26490, 43264
26500, 33617.9
26510, 33495
26520, 37770.2
26530, 34478.1
26540, 37232.6
26550, 39127.1
26560, 40263.7
26570, 41523.2
26580, 41569.3
26590, 42055.6
26600, 43409.9
26610, 44052.5
26620, 44116.5
26630, 43873.3
26640, 44544
26650, 44943.3
26660, 45022.8
26670, 44938.2
26680, 45104.6
26690, 45639.7
26700, 45918.7
26710, 44782
26720, 46092.8
26730, 45959.7
26740, 46149.1
26750, 46225.9
26760, 46064.6
26770, 45770.2
26780, 44590.1
26790, 44597.7
26800, 44062.7
26810, 43781.1
26820, 43850.2
26830, 43141.2
26840, 42818.6
26850, 42593.3
26860, 42936.3
26870, 43095.1
26880, 43722.3
26890, 45071.3
26900, 44620.8
26910, 44920.3
26920, 46056.9
26930, 46051.8
26940, 45721.6
26950, 45562.9
26960, 45329.9
26970, 45322.2
26980, 44958.7
26990, 45079.1
27000, 45209.6
27010, 45173.8
27020, 45209.6
27030, 45278.7
27040, 45726.8
27050, 45785.6
27060, 46126.1
27070, 46433.2
27080, 45923.9
27090, 44674.6
27100, 43489.3
27110, 42680.3
27120, 42654.7
27130, 41267.2
27140, 40089.6
27150, 41830.4
27160, 42373.1
27170, 46840.4
27180, 44096
27190, 43514.9
27200, 38855.6
27210, 40775.6
27220, 41129
27230, 44344.3
27240, 39546.8
27250, 41487.3
27260, 41538.5
27270, 42388.4
27280, 42112
27290, 42823.7
27300, 42654.7
27310, 44185.6
27320, 43561
27330, 43525.1
27340, 42516.5
27350, 42823.7
27360, 43192.3
27370, 41262.1
27380, 37488.7
27390, 37606.4
27400, 36398.1
27410, 36418.6
27420, 37862.4
27430, 28702.8
27440, 43074.6
27450, 43755.6
27460, 44149.8
27470, 44853.8
27480, 35947.5
27490, 46497.3
27500, 46574.1
27510, 46571.6
27520, 46704.6
27530, 47060.5
27540, 47267.8
27550, 47081
27560, 47321.6
27570, 46556.1
27580, 47470.1
27590, 47580.1
27600, 47441.9
27610, 47301.1
27620, 47718.4
27630, 47613.5
27640, 47733.8
27650, 47918.1
27660, 47641.6
27670, 47787.5
27680, 47649.3
27690, 47930.9
27700, 47925.7
27710, 47938.6
27720, 47864.3
27730, 47772.1
27740, 47577.6
27750, 47756.8
27760, 47631.3
27770, 47856.7
27780, 48069.1
27790, 47582.7
27800, 48240.6
27810, 48033.3
27820, 48018
27830, 48271.4
27840, 48273.9
27850, 48248.3
27860, 48314.8
27870, 48284.2
27880, 48412.1
27890, 48542.7
27900, 48371.2
27910, 48481.3
27920, 48501.8
27930, 48624.6
27940, 48616.9
27950, 48468.5
27960, 48460.8
27970, 48604.1
27980, 48535
27990, 48506.9
28000, 48555.6
28010, 48527.3
28020, 48486.4
28030, 48273.9
28040, 48320
28050, 48209.9
28060, 48399.4
28070, 48417.3
28080, 48588.8
28090, 48504.3
28100, 48181.8
28110, 48276.4
28120, 47633.9
28130, 48414.8
28140, 48215.1
28150, 48696.3
28160, 47856.7
28170, 48634.9
28180, 48558.1
28190, 48765.5
28200, 48576
28210, 48821.8
28220, 48668.2
28230, 47964.2
28240, 48727.1
28250, 48581.1
28260, 47587.8
28270, 47457.2
28280, 47104
28290, 47173.1
28300, 47247.3
28310, 47582.7
28320, 47559.7
28330, 47296
28340, 48105
28350, 47979.6
28360, 48371.2
28370, 48637.4
28380, 48064
28390, 48389.1
28400, 48683.5
28410, 47887.4
28420, 48704
28430, 48893.4
28440, 49041.9
28450, 49018.8
28460, 49077.8
28470, 48947.2
28480, 49008.6
28490, 47047.7
28500, 48394.2
28510, 49338.9
28520, 48929.3
28530, 48970.3
28540, 48217.6
28550, 49233.9
28560, 48691.2
28570, 48704
28580, 47685.2
28590, 49295.3
28600, 49203.2
28610, 49152
28620, 49338.9
28630, 49164.8
28640, 48757.7
28650, 49543.7
28660, 49641
28670, 49251.8
28680, 49564.2
28690, 49694.7
28700, 49674.3
28710, 49640.9
28720, 49612.8
28730, 49615.4
28740, 49612.8
28750, 49848.3
28760, 49845.8
28770, 49889.2
28780, 49684.5
28790, 49927.7
28800, 49809.9
28810, 49955.9
28820, 49426
28830, 49193
28840, 49351.6
28850, 49377.3
28860, 49482.2
28870, 49466.8
28880, 49571.8
28890, 49656.3
28900, 49707.5
28910, 49699.9
28920, 49720.3
28930, 49856
28940, 49820.1
28950, 49968.6
28960, 49935.4
28970, 50086.4
28980, 50106.9
28990, 50173.4
29000, 50229.8
29010, 50099.2
29020, 50304
29030, 50222.1
29040, 50209.3
29050, 50188.8
29060, 50270.7
29070, 50255.4
29080, 50270.7
29090, 50106.9
29100, 50222.1
29110, 50214.4
29120, 50147.9
29130, 43348.5
29140, 43689
29150, 42944
29160, 43251.2
29170, 50066
29180, 50296.3
29190, 50193.9
29200, 50316.8
29210, 50447.4
29220, 50398.7
29230, 50508.8
29240, 50275.9
29250, 50280.9
29260, 50337.3
29270, 44759.1
29280, 50227.2
29290, 47306.3
29300, 49743.4
29310, 50480.7
29320, 42915.8
29330, 43768.3
29340, 42291.2
29350, 42859.5
29360, 40773.1
29370, 44715.5
29380, 41441.2
29390, 49162.3
29400, 44567
29410, 42862.1
29420, 48944.6
29430, 48821.7
29440, 47997.5
29450, 49717.8
29460, 49820.2
29470, 42642
29480, 48309.8
29490, 48755.2
29500, 49244.2
29510, 48849.9
29520, 48302.1
29530, 45890.5
29540, 42457.6
29550, 36951
29560, 36167.7
29570, 48240.7
29580, 48832
29590, 49008.7
29600, 49671.7
29610, 50101.7
29620, 49259.5
29630, 50135.1
29640, 42150.4
29650, 49333.7
29660, 50150.4
29670, 48939.5
29680, 50229.8
29690, 50170.9
29700, 44316.1
29710, 49095.7
29720, 46543.4
29730, 40248.3
29740, 50193.9
29750, 43502.1
29760, 44459.5
29770, 42173.4
29780, 32791
29790, 34204.2
29800, 32698.9
29810, 36569.6
29820, 36840.9
29830, 43578.8
29840, 47974.4
29850, 47708.2
29860, 48965.1
29870, 46118.4
29880, 49415.6
29890, 43750.4
29900, 49743.3
29910, 50406.4
29920, 44103.7
29930, 50426.8
29940, 50698.3
29950, 50636.8
29960, 50488.3
29970, 50677.8
29980, 50734
29990, 50698.3
30000, 50964.5
30010, 50636.8
30020, 50754.5
30030, 50964.5
30040, 50903.1
30050, 51066.9
30060, 51120.6
30070, 51033.6
30080, 51013.1
30090, 51038.7
30100, 51054.1
30110, 51189.8
30120, 51284.5
30130, 51202.5
30140, 51038.7
30150, 51107.8
30160, 51013.1
30170, 51079.6
30180, 51256.4
30190, 51087.3
30200, 51169.3
30210, 51154
30220, 51120.7
30230, 51297.3
30240, 51223.1
30250, 51379.2
30260, 51202.6
30270, 51235.9
30280, 51141.1
30290, 51141.1
30300, 51153.9
30310, 51166.7
30320, 51112.9
30330, 51215.4
30340, 51064.4
30350, 46284.8
30360, 51200
30370, 50631.7
30380, 45952
30390, 50529.3
30400, 43589.1
30410, 48768
30420, 44697.6
30430, 43427.8
30440, 43445.8
30450, 42250.2
30460, 41008.6
30470, 42388.5
30480, 41751
30490, 40842.2
30500, 41815.1
30510, 41154.5
30520, 39767
30530, 41871.4
30540, 43061.8
30550, 41902.1
30560, 42775
30570, 41756.2
30580, 39902.8
30590, 39710.7
30600, 43161.6
30610, 34923.5
30620, 33177.6
30630, 43043.8
30640, 38256.7
30650, 23910.4
30660, 26501.1
30670, 29399.1
30680, 2242.6
30690, 12451.8
30700, 6328.3
30710, 7700.5
30720, 4894.7
30730, 4096
30740, 5283.8
30750, 5099.5
30760, 5693.4
30770, 5980.2
30780, -266.2
30790, -4055.1
30800, -409.6
30810, -7168
30820, -6574.1
30830, -8949.8
30840, 2355.2
30850, -15605.7
30860, -15114.3
30870, -18698.2
30880, -19251.2
30890, -19415
30900, -32235.5
30910, -33095.6
30920, -31907.8
30930, -31641.6
30940, -29962.3
30950, -30126
30960, -32747.5
30970, -10997.8
30980, -28405.8
30990, -31825.9
31000, -25702.4
31010, -26173.5
31020, -28835.8
31030, -31682.6
31040, -25395.2
31050, -22261.8
31060, -24473.6
31070, -21114.8
31080, -19230.8
31090, -26193.9
31100, -19169.3
31110, -19087.3
31120, -19415
31130, -19025.9
31140, -18780.2
31150, -19128.3
31160, -21524.4
31170, -21360.7
31180, -19087.3
31190, -21176.3
31200, -28037.2
31210, -18595.9
31220, -18800.7
31230, -18534.4
31240, -18554.9
31250, -18739.2
31260, -18718.8
31270, -18575.3
31280, -18432
31290, -18534.4
31300, -18329.6
31310, -24309.8
31320, -18350.1
31330, -18554.9
31340, -18411.5
31350, -18165.8
31360, -18247.6
31370, -18329.6
31380, -18083.8
31390, -18042.9
31400, -18186.3
31410, -18165.8
31420, -18493.5
31430, -18104.3
31440, -18042.9
31450, -17940.5
31460, -18042.9
31470, -17879
31480, -18473
31490, -18903
31500, -18677.8
31510, -19087.4
31520, -19107.8
31530, -18124.8
31540, -19169.3
31550, -18165.8
31560, -17776.6
31570, -18042.8
31580, -17981.4
31590, -18104.3
31600, -18083.9
31610, -17592.3
31620, -17858.5
31630, -17960.9
31640, -17633.3
31650, -17715.2
31660, -17735.6
31670, -17756.1
31680, -17776.6
31690, -17633.3
31700, -17264.6
31710, -17408
31720, -17448.9
31730, -17059.9
31740, -16978
31750, -17346.5
31760, -17285.1
31770, -16814
31780, -15994.9
31790, -15831.1
31800, -16527.4
31810, -16199.7
31820, -16506.9
31830, -16752.6
31840, -16875.5
31850, -17059.8
31860, -16199.7
31870, -16240.6
31880, -16117.7
31890, -17080.3
31900, -18104.4
31910, -19107.8
31920, -18432
31930, -17530.9
31940, -16998.4
31950, -16998.4
31960, -16937
31970, -17039.3
31980, -16896
31990, -16670.7
32000, -16896
32010, -16855
32020, -16916.5
32030, -17059.8
32040, -17203.2
32050, -17080.4
32060, -16814.1
32070, -16711.7
32080, -16978
32090, -16875.5
32100, -16752.7
32110, -16936.9
32120, -16629.8
32130, -16855
32140, -16977.9
32150, -16834.6
32160, -16875.5
32170, -16916.5
32180, -16977.9
32190, -16691.2
32200, -16773.1
32210, -16650.3
32220, -16650.2
32230, -16896
32240, -16732.1
32250, -16609.3
32260, -16711.7
32270, -16773.1
32280, -16588.8
32290, -16199.6
32300, -16097.3
32310, -16609.3
32320, -16609.3
32330, -16834.5
32340, -16650.2
32350, -16445.4
32360, -16588.8
32370, -16793.6
32380, -16773.1
32390, -16363.5
32400, -16588.8
32410, -16343
32420, -16445.4
32430, -16588.8
32440, -16568.4
32450, -16465.9
32460, -16281.6
32470, -16220.2
32480, -16486.4
32490, -16343
32500, -16199.6
32510, -16281.6
32520, -16547.8
32530, -16425
32540, -16363.5
32550, -16056.3
32560, -16117.7
32570, -15912.9
32580, -16240.6
32590, -16179.2
32600, -16302.1
32610, -16220.2
32620, -16240.7
32630, -16015.4
32640, -15892.5
32650, -15913
32660, -16076.8
32670, -16179.2
32680, -16445.4
32690, -16138.2
32700, -16179.2
32710, -15851.5
32720, -15912.9
32730, -16179.2
32740, -16343
32750, -16261.1
32760, -16035.8
32770, -15994.9
32780, -16035.9
32790, -16015.3
32800, -15933.4
32810, -15872
32820, -15933.4
32830, -15892.5
32840, -16015.3
32850, -15831
32860, -15872
32870, -15810.5
32880, -15790.1
32890, -15851.5
32900, -15851.5
32910, -15749.2
32920, -15544.3
32930, -15728.6
32940, -15564.8
32950, -15851.5
32960, -15564.8
32970, -15810.6
32980, -15790
32990, -15749.1
33000, -15810.6
33010, -15728.7
33020, -15646.7
33030, -15749.1
33040, -15585.3
33050, -15564.8
33060, -15646.8
33070, -15687.7
33080, -15564.8
33090, -15523.8
33100, -15564.8
33110, -15564.8
33120, -15687.7
33130, -15646.8
33140, -15646.7
33150, -15626.3
33160, -15503.4
33170, -15687.7
33180, -15585.3
33190, -15339.5
33200, -15769.6
33210, -15953.9
33220, -15421.4
33230, -15482.9
33240, -15523.8
33250, -15646.7
33260, -15175.7
33270, -15360
33280, -15339.5
33290, -15421.5
33300, -15360
33310, -15298.6
33320, -15257.6
33330, -15257.6
33340, -15380.5
33350, -15441.9
33360, -15646.7
33370, -15339.5
33380, -15360
33390, -15319.1
33400, -15298.6
33410, -15400.9
33420, -15523.9
33430, -15482.9
33440, -15155.2
33450, -15298.6
33460, -15401
33470, -15216.7
33480, -15196.1
33490, -15216.6
33500, -15319
33510, -15380.5
33520, -14970.9
33530, -15175.7
33540, -15237.1
33550, -15032.4
33560, -14868.5
33570, -15093.7
33580, -15196.2
33590, -15155.2
33600, -15032.4
33610, -15237.1
33620, -15093.7
33630, -15073.3
33640, -14970.9
33650, -15093.7
33660, -14807.1
33670, -15052.8
33680, -14868.5
33690, -15032.3
33700, -14807
33710, -14929.9
33720, -14909.5
33730, -14786.6
33740, -15032.3
33750, -15032.4
33760, -15032.3
33770, -14848
33780, -14848
33790, -15073.2
33800, -14786.6
33810, -14868.5
33820, -14745.6
33830, -14848
33840, -14950.4
33850, -14827.5
33860, -14848
33870, -14889
33880, -14745.6
33890, -14807
33900, -14807.1
33910, -14868.4
33920, -14745.6
33930, -14766.1
33940, -14602.3
33950, -14970.9
33960, -14786.6
33970, -14909.4
33980, -14725.1
33990, -14766
34000, -14704.6
34010, -14684.1
34020, -14499.9
34030, -14622.8
34040, -14766
34050, -14704.7
34060, -14602.3
34070, -14499.8
34080, -14602.2
34090, -14540.8
34100, -14581.8
34110, -14028.8
34120, -14315.6
34130, -14807.1
34140, -14786.6
34150, -14643.2
34160, -14192.6
34170, -14356.5
34180, -14274.5
34190, -14151.7
34200, -14581.7
34210, -14848
34220, -14848
34230, -14848
34240, -14418
34250, -14233.6
34260, -14336
34270, -14090.2
34280, -14233.6
34290, -14049.3
34300, -14274.5
34310, -14397.4
34320, -14274.5
34330, -14499.9
34340, -14807
34350, -14151.7
34360, -13844.5
34370, -13762.5
34380, -13824
34390, -13086.7
34400, -12472.3
34410, -12288
34420, -13906
34430, -13680.6
34440, -13926.4
34450, -14991.3
34460, -15175.7
34470, -14704.7
34480, -14069.8
34490, -13291.6
34500, -14192.6
34510, -14520.3
34520, -13660.1
34530, -12902.4
34540, -12431.4
34550, -14417.9
34560, -14766.1
34570, -13905.9
34580, -13946.9
34590, -14131.2
34600, -14663.7
34610, -15175.7
34620, -14725.1
34630, -13086.8
34640, -13844.5
34650, -12902.4
34660, -12738.5
34670, -15523.9
34680, -14704.6
34690, -13271
34700, -13844.5
34710, -14581.8
34720, -14622.7
34730, -14499.9
34740, -14438.4
34750, -14110.7
34760, -14028.8
34770, -13967.4
34780, -13701.1
34790, -13639.7
34800, -13045.7
34810, -14028.8
34820, -15298.5
34830, -14622.7
34840, -13865
34850, -12841
34860, -13025.2
34870, -14417.9
34880, -14295
34890, -14131.2
34900, -14417.9
34910, -13721.6
34920, -13926.4
34930, -14131.2
34940, -13701.1
34950, -13701.1
34960, -13762.5
34970, -13946.9
34980, -13742.1
34990, -13926.4
35000, -13865
35010, -14069.8
35020, -13905.9
35030, -13783
35040, -13967.4
35050, -13824
35060, -13844.5
35070, -14110.8
35080, -13905.9
35090, -13721.6
35100, -14213.1
35110, -13639.6
35120, -14090.2
35130, -14090.2
35140, -13434.9
35150, -13885.5
35160, -13987.8
35170, -18227.2
35180, -14069.8
35190, -17960.9
35200, -26910.7
35210, -15831.1
35220, -30095.4
35230, -33843.2
35240, -32962.5
35250, -25989.1
35260, -27299.8
35270, -14192.7
35280, -36556.8
35290, -13762.6
35300, -34959.4
35310, -31436.8
35320, -13783.1
35330, -21811.2
35340, -32890.9
35350, -34938.8
35360, -16302
35370, -18677.7
35380, -28200.9
35390, -29306.9
35400, -21893.1
35410, -34918.4
35420, -35522.6
35430, -14725.1
35440, -32501.8
35450, -17059.9
35460, -30935
35470, -11776
35480, -28917.8
35490, -17244.1
35500, -15482.9
35510, -13803.6
35520, -13824
35530, -13824
35540, -13926.4
35550, -13721.6
35560, -13905.9
35570, -13660.1
35580, -13660.1
35590, -13332.5
35600, -13045.7
35610, -12902.4
35620, -12369.9
35630, -13066.2
35640, -13373.5
35650, -13455.4
35660, -13496.3
35670, -13537.2
35680, -13475.9
35690, -13578.2
35700, -13414.4
35710, -13619.2
35720, -13414.4
35730, -13680.6
35740, -13721.6
35750, -13516.8
35760, -13414.4
35770, -13373.4
35780, -14110.8
35790, -14499.9
35800, -14131.2
35810, -15298.5
35820, -14336
35830, -14008.3
35840, -14295
35850, -14233.6
35860, -14295
35870, -14254.1
35880, -18923.6
35890, -14663.6
35900, -19435.5
35910, -14172.2
35920, -15278.1
35930, -18145.2
35940, -19271.7
35950, -13967.4
35960, -18698.2
35970, -19476.4
35980, -19496.9
35990, -13946.9
36000, -19312.6
36010, -18821.1
36020, -19537.9
36030, -14213.2
36040, -14192.6
36050, -14172.1
36060, -14090.2
36070, -14172.1
36080, -14049.3
36090, -14090.2
36100, -14131.2
36110, -14233.6
36120, -13987.8
36130, -13783.1
36140, -13516.8
36150, -13803.5
36160, -14397.5
36170, -14397.5
36180, -13783
36190, -14090.3
36200, -14315.5
36210, -14438.4
36220, -14602.2
36230, -13885.5
36240, -13701.2
36250, -13803.5
36260, -14479.4
36270, -15687.7
36280, -14909.5
36290, -14028.8
36300, -15032.3
36310, -16281.6
36320, -16076.8
36330, -15134.7
36340, -18452.5
36350, -14028.8
36360, -20971.5
36370, -24862.7
36380, -26583
36390, -25815
36400, -25323.5
36410, -24576
36420, -25753.6
36430, -26255.4
36440, -25722.8
36450, -25559
36460, -23234.6
36470, -24412.1
36480, -25077.8
36490, -27791.3
36500, -24913.9
36510, -20951.1
36520, -27525.2
36530, -22343.7
36540, -24545.2
36550, -22077.4
36560, -20398.1
36570, -29266
36580, -16302
36590, -20521
36600, -20869.1
36610, -18452.5
36620, -18575.3
36630, -19456
36640, -18595.9
36650, -18984.9
36660, -19292.2
36670, -19558.4
36680, -19681.3
36690, -19517.5
36700, -20152.4
36710, -20377.6
36720, -21114.9
36730, -18821.1
36740, -18882.6
36750, -18862.1
36760, -18227.2
36770, -18186.3
36780, -19558.4
36790, -19619.9
36800, -19415
36810, -19722.3
36820, -19025.9
36830, -19066.9
36840, -19353.6
36850, -19701.8
36860, -19537.9
36870, -19619.9
36880, -19537.9
36890, -19025.9
36900, -18903.1
36910, -19763.2
36920, -19619.8
36930, -20254.7
36940, -20295.7
36950, -19701.7
36960, -18370.6
36970, -18759.6
36980, -21852.1
36990, -23142.4
37000, -23285.8
37010, -20684.8
37020, -21667.8
37030, -21114.9
37040, -26869.8
37050, -23306.3
37060, -20848.6
37070, -22937.6
37080, -23470.1
37090, -22569
37100, -23572.4
37110, -20234.3
37120, -19701.8
37130, -22507.6
37140, -24463.4
37150, -21852.1
37160, -24627.2
37170, -24944.6
37180, -25630.7
37190, -25047
37200, -25569.3
37210, -24975.4
37220, -24217.6
37230, -24299.5
37240, -23183.4
37250, -23603.2
37260, -22384.6
37270, -24852.4
37280, -20561.9
37290, -23162.9
37300, -22753.3
37310, -19107.8
37320, -19619.8
37330, -22487
37340, -18677.8
37350, -17223.7
37360, -18964.5
37370, -19742.7
37380, -19087.4
37390, -18472.9
37400, -18534.4
37410, -19169.3
37420, -17756.2
37430, -18309.1
37440, -19087.4
37450, -20971.5
37460, -25938
37470, -30054.4
37480, -33105.9
37490, -28999.6
37500, -23849
37510, -24606.7
37520, -36679.6
37530, -41052.1
37540, -16629.8
37550, -33884.2
37560, -35870.7
37570, -41431.1
37580, -41185.3
37590, -41082.9
37600, -41850.9
37610, -34723.8
37620, -32348.2
37630, -24064
37640, -22845.5
37650, -24412.1
37660, -20992
37670, -18513.9
37680, -15892.5
37690, -15011.8
37700, -13537.3
37710, -14131.2
37720, -14438.4
37730, -13844.5
37740, -12779.5
37750, -12021.7
37760, -14786.5
37770, -16384
37780, -14049.3
37790, -13783.1
37800, -13414.4
37810, -13578.2
37820, -13086.7
37830, -12226.5
37840, -12881.9
37850, -13209.6
37860, -12677.2
37870, -13209.6
37880, -13230.1
37890, -12574.7
37900, -12615.6
37910, -12288
37920, -12328.9
37930, -12595.2
37940, -12574.8
37950, -12472.3
37960, -12062.7
37970, -11980.8
37980, -11468.8
37990, -12062.7
38000, -11755.5
38010, -11735.1
38020, -12165.1
38030, -11858
38040, -11489.3
38050, -11653.1
38060, -11919.4
38070, -11079.7
38080, -10793
38090, -10342.4
38100, -10731.5
38110, -10854.4
38120, -10874.9
38130, -11059.2
38140, -11264
38150, -11304.9
38160, -11386.8
38170, -10649.6
38180, -11120.7
38190, -10854.4
38200, -10526.8
38210, -10608.7
38220, -11284.5
38230, -11100.1
38240, -10874.9
38250, -10895.4
38260, -10444.8
38270, -10793
38280, -10547.2
38290, -11120.6
38300, -13987.8
38310, -15646.7
38320, -20019.2
38330, -23767
38340, -21626.9
38350, -16855.1
38360, -23951.3
38370, -17571.8
38380, -24391.7
38390, -22374.4
38400, -26327
38410, -19312.6
38420, -26767.4
38430, -26736.6
38440, -15646.7
38450, -24238
38460, -21831.7
38470, -15687.7
38480, -15441.9
38490, -12451.9
38500, -12185.6
38510, -12513.3
38520, -11591.7
38530, -11550.8
38540, -27043.9
38550, -11591.7
38560, -10424.3
38570, -11182.1
38580, -12021.8
38590, -11980.8
38600, -11018.2
38610, -11571.2
38620, -12554.2
38630, -12021.7
38640, -11038.8
38650, -9543.7
38660, -10240
38670, -10997.8
38680, -11223
38690, -11161.6
38700, -11755.5
38710, -11141.2
38720, -15544.3
38730, -17817.6
38740, -20295.7
38750, -20848.6
38760, -19691.5
38770, -19271.7
38780, -20592.7
38790, -21575.7
38800, -20121.6
38810, -22538.2
38820, -23521.2
38830, -25989.1
38840, -27115.5
38850, -18636.8
38860, -25630.7
38870, -21278.7
38880, -21585.9
38890, -20541.4
38900, -22036.4
38910, -24115.2
38920, -22343.7
38930, -28743.7
38940, -18677.8
38950, -16793.6
38960, -15278.1
38970, -14172.2
38980, -13271.1
38990, -12922.9
39000, -12390.4
39010, -11878.4
39020, -11059.2
39030, -10731.5
39040, -13209.6
39050, -13189.1
39060, -10465.2
39070, -11427.9
39080, -11407.3
39090, -10424.4
39100, -10260.5
39110, -11714.5
39120, -10362.9
39130, -9830.4
39140, -10752
39150, -11632.6
39160, -13353
39170, -13127.7
39180, -12226.6
39190, -14438.4
39200, -13844.5
39210, -12349.5
39220, -11223
39230, -10362.9
39240, -10793
39250, -12851.2
39260, -11898.9
39270, -9359.4
39280, -9001
39290, -12431.3
39300, -14387.2
39310, -12298.2
39320, -12974
39330, -11724.8
39340, -14192.6
39350, -17930.2
39360, -18544.6
39370, -17930.2
39380, -17807.4
39390, -17756.1
39400, -19968
39410, -25180.1
39420, -18001.9
39430, -20828.2
39440, -15626.3
39450, -19404.8
39460, -18575.3
39470, -19845.1
39480, -20070.4
39490, -19466.2
39500, -19210.2
39510, -19200
39520, -19271.7
39530, -18944
39540, -20152.3
39550, -20295.7
39560, -17848.4
39570, -18554.9
39580, -20930.6
39590, -17633.2
39600, -17950.7
39610, -18780.2
39620, -17233.9
39630, -18759.7
39640, -17244.2
39650, -14295
39660, -14530.6
39670, -15329.3
39680, -16414.7
39690, -14704.6
39700, -14673.9
39710, -14039.1
39720, -11407.4
39730, -11939.8
39740, -11356.1
39750, -12349.4
39760, -12513.3
39770, -11018.2
39780, -11407.4
39790, -12738.6
39800, -11888.6
39810, -10577.9
39820, -11571.2
39830, -11929.6
39840, -13219.9
39850, -12646.4
39860, -13598.7
39870, -18053.2
39880, -19865.6
39890, -17715.2
39900, -17397.8
39910, -19456
39920, -19875.9
39930, -18985
39940, -19712
39950, -20418.6
39960, -19251.2
39970, -20500.4
39980, -19333.1
39990, -16476.2
40000, -13875.2
40010, -16465.9
40020, -18155.5
40030, -15933.4
40040, -18954.2
40050, -18954.3
40060, -16947.2
40070, -17786.8
40080, -17274.8
40090, -16998.4
40100, -17356.8
40110, -19384.3
40120, -16885.8
40130, -18544.7
40140, -17489.9
40150, -17571.8
40160, -18462.7
40170, -17920
40180, -17899.6
40190, -16957.4
40200, -14141.4
40210, -18995.2
40220, -20111.3
40230, -21350.4
40240, -22108.2
40250, -23603.2
40260, -24729.6
40270, -24668.2
40280, -25088
40290, -27212.8
40300, -26859.5
40310, -26695.7
40320, -26557.5
40330, -26629.1
40340, -27340.8
40350, -29521.9
40360, -30305.3
40370, -32220.1
40380, -33525.8
40390, -32481.3
40400, -31969.3
40410, -32373.7
40420, -30776.3
40430, -31841.3
40440, -32066.6
40450, -31887.4
40460, -30556.2
40470, -29767.6
40480, -28477.4
40490, -29224.9
40500, -29675.5
40510, -31017
40520, -31232
40530, -29900.8
40540, -27279.4
40550, -26777.6
40560, -26644.4
40570, -27074.5
40580, -27883.5
40590, -26900.5
40600, -24616.9
40610, -23552
40620, -21667.8
40630, -20592.6
40640, -20521
40650, -18862
40660, -18606.1
40670, -16363.5
40680, -15841.3
40690, -15667.2
40700, -15431.6
40710, -11663.4
40720, -10342.4
40730, -10874.9
40740, -7290.9
40750, -7250
40760, -7413.8
40770, -7045.2
40780, -7208.9
40790, -7270.4
40800, -7290.9
40810, -6737.9
40820, -6922.3
40830, -6778.9
40840, -7188.5
40850, -7639
40860, -6901.7
40870, -7004.1
40880, -7024.6
40890, -6881.3
40900, -6819.8
40910, -6451.2
40920, -6615
40930, -6594.5
40940, -6266.9
40950, -6205.4
40960, -6144
40970, -6000.6
40980, -5672.9
40990, -5795.8
41000, -5488.6
41010, -5693.4
41020, -6225.9
41030, -6860.8
41040, -6738
41050, -6738
41060, -6717.5
41070, -6574.1
41080, -6328.3
41090, -5836.8
41100, -6451.2
41110, -6635.5
41120, -5836.8
41130, -6225.9
41140, -6041.6
41150, -6246.4
41160, -6307.9
41170, -5980.1
41180, -6000.7
41190, -5632
41200, -5693.5
41210, -5427.2
41220, -5632
41230, -5836.8
41240, -6021.1
41250, -6881.3
41260, -6656
41270, -8192
41280, -8519.7
41290, -9932.8
41300, -13086.7
41310, -16353.3
41320, -11509.7
41330, -16414.7
41340, -15052.8
41350, -17746
41360, -20121.6
41370, -23173.1
41380, -25825.3
41390, -27740.2
41400, -30346.2
41410, -30996.5
41420, -32629.7
41430, -33607.7
41440, -34831.3
41450, -36643.8
41460, -37283.8
41470, -38292.5
41480, -39272.9
41490, -39098.9
41500, -38110.8
41510, -38658.5
41520, -38476.8
41530, -37084.1
41540, -36024.3
41550, -34887.7
41560, -33187.9
41570, -31626.3
41580, -29230.1
41590, -26828.8
41600, -24186.9
41610, -21667.9
41620, -19281.9
41630, -16783.4
41640, -14151.7
41650, -12154.9
41660, -10311.6
41670, -8325.2
41680, -6666.2
41690, -4874.3
41700, -3747.8
41710, -3481.6
41720, -3481.6
41730, -4177.9
41740, -4874.3
41750, -5181.4
41760, -5079
41770, -4976.6
41780, -4976.7
41790, -4853.8
41800, -4649
41810, -5120
41820, -4628.5
41830, -4649
41840, -4382.7
41850, -4137
41860, -3829.7
41870, -3522.6
41880, -3256.3
41890, -2703.4
41900, -2519
41910, -3256.3
41920, -3778.6
41930, -4270.1
41940, -5335.1
41950, -6522.9
41960, -7895
41970, -9103.4
41980, -10803.2
41990, -10025
42000, -12738.5
42010, -16373.7
42020, -19732.5
42030, -21964.8
42040, -24197.2
42050, -27555.9
42060, -28994.5
42070, -32179.2
42080, -33940.5
42090, -35712
42100, -37191.7
42110, -37798.4
42120, -38592
42130, -38630.4
42140, -38515.2
42150, -38650.8
42160, -38538.3
42170, -38118.4
42180, -37995.6
42190, -38126.1
42200, -38241.3
42210, -38604.8
42220, -38947.8
42230, -38912
42240, -38922.2
42250, -38860.8
42260, -38909.5
42270, -38581.7
42280, -38609.9
42290, -38433.3
42300, -38443.5
42310, -38277.1
42320, -38261.7
42330, -38103
42340, -38018.5
42350, -37939.2
42360, -37785.6
42370, -37619.2
42380, -37360.6
42390, -37227.5
42400, -36746.2
42410, -36641.3
42420, -34828.8
42430, -33361.9
42440, -30668.8
42450, -29143
42460, -27939.8
42470, -25062.4
42480, -26598.4
42490, -21155.8
42500, -24084.5
42510, -21842
42520, -20346.9
42530, -18831.3
42540, -16609.3
42550, -15769.6
42560, -13322.2
42570, -15073.3
42580, -14807
42590, -9728
42600, -9390.1
42610, -10127.4
42620, -9635.8
42630, -10844.2
42640, -11212.8
42650, -11929.6
42660, -11489.3
42670, -12216.3
42680, -12318.7
42690, -12339.2
42700, -11816.9
42710, -11366.4
42720, -11243.5
42730, -11694.1
42740, -10782.7
42750, -10557.4
42760, -16066.5
42770, -16035.8
42780, -15308.8
42790, -16250.9
42800, -13926.4
42810, -12789.7
42820, -14080
42830, -13568
42840, -13813.7
42850, -13219.8
42860, -13977.6
42870, -15237.2
42880, -16834.5
42890, -19282
42900, -21442.5
42910, -22686.7
42920, -23470.1
42930, -24161.3
42940, -24023.1
42950, -22615.1
42960, -24442.9
42970, -19763.2
42980, -19179.6
42990, -15779.8
43000, -13977.6
43010, -10352.6
43020, -7843.9
43030, -4976.7
43040, -5335.1
43050, -3532.8
43060, -3041.3
43070, -1822.8
43080, 399.4
43090, 501.8
43100, 419.8
43110, 471
43120, 30.8
43130, -727
43140, -184.3
43150, -409.6
43160, -163.9
43170, 92.2
43180, 829.4
43190, 1925.1
43200, -30.8
43210, -634.9
43220, 348.1
43230, -122.9
43240, -194.5
43250, 563.2
43260, 634.9
43270, 122.9
43280, 655.3
43290, -143.4
43300, -563.2
43310, -931.9
43320, -307.2
43330, -645.1
43340, -798.8
43350, -3389.4
43360, -6604.8
43370, -8960
43380, -9728
43390, -11745.3
43400, -14182.4
43410, -14151.6
43420, -16532.5
43430, -19092.5
43440, -23301.1
43450, -25876.4
43460, -26675.2
43470, -27801.6
43480, -27179.5
43490, -30325.7
43500, -31641.6
43510, -31505.9
43520, -30760.9
43530, -29882.9
43540, -31129.6
43550, -30758.4
43560, -30190
43570, -30077.4
43580, -28710.4
43590, -28328.9
43600, -28382.7
43610, -28449.3
43620, -28313.6
43630, -29972.5
43640, -30617.6
43650, -29729.3
43660, -28925.5
43670, -28748.8
43680, -28879.3
43690, -29795.8
43700, -29237.8
43710, -28969
43720, -27128.3
43730, -26319.3
43740, -26153
43750, -27015.7
43760, -28367.3
43770, -28564.4
43780, -28623.4
43790, -27778.6
43800, -27233.3
43810, -26928.6
43820, -25707.5
43830, -23685.1
43840, -22059.5
43850, -18834
43860, -23649.3
43870, -24258.6
43880, -22282.2
43890, -21688.3
43900, -24064
43910, -21099.5
43920, -16547.8
43930, -16302.1
43940, -17495
43950, -15938.5
43960, -13440
43970, -12620.8
43980, -12195.9
43990, -12723.2
44000, -13455.4
44010, -12410.8
44020, -11509.8
44030, -10357.8
44040, -9589.8
44050, -10229.7
44060, -10373.1
44070, -5959.6
44080, -7997.5
44090, -5888
44100, -9809.9
44110, -9861.2
44120, -7659.5
44130, -7280.7
44140, -4874.2
44150, -5273.6
44160, -6686.7
44170, -5478.4
44180, -7024.6
44190, -4945.9
44200, -5335
44210, -3123.2
44220, -6307.9
44230, -4485.1
44240, -6010.9
44250, -5847
44260, -4065.3
44270, -1873.9
44280, -1054.8
44290, -901.2
44300, -512
44310, -890.9
44320, -1689.6
44330, -2304
44340, -665.6
44350, 194.6
44360, 471
44370, 1013.8
44380, 1474.6
44390, 1577
44400, 2877.4
44410, 2560
44420, 1300.5
44430, 1669.2
44440, 2928.7
44450, 1730.5
44460, 143.3
44470, -788.4
44480, 1351.7
44490, 2734.1
44500, 2191.4
44510, 942
44520, -317.5
44530, -2529.3
44540, -3235.9
44550, -2641.9
44560, -1505.3
44570, -2764.8
44580, -5857.3
44590, -7316.5
44600, -7152.7
44610, -7009.2
44620, -8386.5
44630, -8002.5
44640, -7598.1
44650, -7290.9
44660, -7306.3
44670, -5181.5
44680, -2662.4
44690, -2744.3
44700, -2375.7
44710, -1720.3
44720, -1044.5
44730, -2007
44740, -4326.4
44750, -5555.2
44760, -5478.4
44770, -3973.1
44780, -3758
44790, -4331.6
44800, -4147.2
44810, -3983.4
44820, -3840
44830, -3225.6
44840, -3486.7
44850, -2862.1
44860, -4275.2
44870, -7234.6
44880, -6983.7
44890, -5120
44900, -4695.1
44910, -6051.9
44920, -6097.9
44930, -7060.5
44940, -9006.1
44950, -8586.2
44960, -6901.8
44970, -5734.4
44980, -5237.7
44990, -5299.2
45000, -6359.1
45010, -7198.8
45020, -7132.2
45030, -6482
45040, -6794.2
45050, -7045.1
45060, -6379.5
45070, -4761.6
45080, -4464.6
45090, -5683.2
45100, -6558.7
45110, -6558.7
45120, -7546.9
45130, -8033.3
45140, -9113.6
45150, -10117.1
45160, -10803.2
45170, -10572.8
45180, -10373.1
45190, -9630.7
45200, -7505.9
45210, -6942.7
45220, -6215.6
45230, -5299.2
45240, -3773.5
45250, -2416.6
45260, -1126.4
45270, 30.7
45280, 1423.4
45290, 1198.1
45300, 860.1
45310, 1177.6
45320, 1484.8
45330, 1095.7
45340, 1228.8
45350, 1597.4
45360, 1996.8
45370, 2263
45380, 2938.9
45390, 2560
45400, 1530.9
45410, 1704.9
45420, 1269.7
45430, 911.4
45440, 1321
45450, 1694.7
45460, 1372.1
45470, 870.4
45480, 916.5
45490, 1075.2
45500, 1111
45510, 1638.4
45520, 1587.2
45530, 440.3
45540, -122.9
45550, -307.2
45560, -343
45570, -112.7
45580, 512
45590, 107.5
45600, 179.2
45610, 286.8
45620, 604.1
45630, 1689.6
45640, 1920
45650, 793.6
45660, -732.2
45670, -440.3
45680, -706.6
45690, -1546.2
45700, -2411.5
45710, -2478
45720, -2089
45730, -2124.8
45740, -2478.1
45750, -2457.6
45760, -1925.1
45770, -1382.4
45780, -1049.6
45790, -465.9
45800, 143.4
45810, 532.4
45820, 435.2
45830, -189.4
45840, -322.6
45850, -81.9
45860, 56.4
45870, 245.7
45880, -35.9
45890, -343
45900, -465.9
45910, -706.6
45920, -890.8
45930, -1213.5
45940, -1807.4
45950, -2089
45960, -2432
45970, -3481.6
45980, -4408.3
45990, -4915.2
46000, -5350.4
46010, -5442.6
46020, -5393.9
46030, -5242.9
46040, -5248
46050, -5027.9
46060, -4229.2
46070, -3973.2
46080, -4234.3
46090, -4582.4
46100, -4485.1
46110, -4480
46120, -4864
46130, -4894.7
46140, -5580.84
46150, -5667.84
46160, -5634.6
46170, -5455.4
46180, -5299.2
46190, -4820.5
46200, -3922
46210, -3287
46220, -2780.1
46230, -2211.8
46240, -1792
46250, -1193
46260, -593.9
46270, -880.6
46280, -706.5
46290, -286.7
46300, -466
46310, -711.7
46320, -691.2
46330, -691.2
46340, -855
46350, -998.4
46360, -1029.1
46370, -1218.6
46380, -1254.4
46390, -1116.2
46400, -1034.3
46410, -675.9
46420, -911.4
46430, -675.9
46440, -681
46450, -629.7
46460, -686
46470, -1049.6
46480, -1228.8
46490, -1433.6
46500, -1469.4
46510, -1372.2
46520, -1377.3
46530, -1433.6
46540, -1428.5
46550, -1280
46560, -1167.4
46570, -962.5
46580, -1162.3
46590, -1024
46600, -1177.6
46610, -1152
46620, -962.5
46630, -691.2
46640, -599
46650, -634.9
46660, -716.8
46670, -798.7
46680, -1059.8
46690, -998.4
46700, -972.8
46710, -906.2
46720, -1500.2
46730, -1571.8
46740, 686.1
46750, 655.3
46760, -1884.12
46770, -2974.68
46780, -2659.82
46790, -3148.76
46800, -3502.12
46810, -3896.36
46820, -4464.6
46830, -4641.3
46840, -4520.98
46850, -4341.8
46860, -3409.9
46870, -3363.9
46880, -2851.8
46890, -2508.8
46900, -2652.2
46910, -2601
46920, -2380.8
46930, -2365.4
46940, -2544.6
46950, -2283.5
46960, -2001.9
46970, -1909.7
46980, -2370.6
46990, -1812.5
47000, -1751.1
47010, -2042.9
47020, -2037.8
47030, -2257.9
47040, -1996.8
47050, -2094.1
47060, -1991.6
47070, -1884.1
47080, -2022.4
47090, -1930.2
47100, -1971.2
47110, -2099.2
47120, -2324.5
47130, -2897.9
47140, -3496.9
47150, -3517.5
47160, -3384.3
47170, -3256.3
47180, -3184.7
47190, -3312.6
47200, -3174.4
47210, -4172.8
47220, -3814.4
47230, -4131.8
47240, -4387.8
47250, -4147.2
47260, -3343.3
47270, -3456
47280, -4224
47290, -4341.7
47300, -3742.7
47310, -4413.4
47320, -3870.8
47330, -4613.1
47340, -4218.9
47350, -3456
47360, -4183
47370, -4684.8
47380, -4940.8
47390, -4316.2
47400, -4428.8
47410, -5073.9
47420, -4761.6
47430, -5386.2
47440, -4070.4
47450, -6159.4
47460, -6553.6
47470, -6612.5
47480, -7055.4
47490, -7326.76
47500, -7359.96
47510, -7697.96
47520, -7633.92
47530, -7662.1
47540, -7242.22
47550, -7237.12
47560, -7685.16
47570, -7792.6
47580, -7157.74
47590, -7324.12
47600, -6937.58
47610, -7001.6
47620, -6520.3
47630, -5801
47640, -5975
47650, -5473.3
47660, -5125.1
47670, -4464.7
47680, -4802.5
47690, -4428.8
47700, -4561.9
47710, -4316.1
47720, -4295.7
47730, -3517.5
47740, -4367.4
47750, -4503.1
47760, -4229.1
47770, -5222.42
47780, -5240.32
47790, -5283.88
47800, -5790.74
47810, -5911.04
47820, -6031.4
47830, -5780.52
47840, -6520.34
47850, -6149.16
47860, -6108.12
47870, -5260.84
47880, -6254.1
47890, -5800.98
47900, -6149.14
47910, -6494.76
47920, -6384.64
47930, -6310.44
47940, -6161.94
47950, -5944.28
47960, -6261.76
47970, -6318.08
47980, -6402.58
47990, -6423.02
48000, -6412.82
48010, -6430.72
48020, -6612.5
48030, -6223.4
48040, -6295
48050, -6487.04
48060, -6379.54
48070, -6330.86
48080, -6159.32
48090, -6131.18
48100, -5882.84
48110, -6192.68
48120, -5524.48
48130, -5660.14
48140, -5470.7
48150, -5813.76
48160, -5831.68
48170, -6215.68
48180, -6556.14
48190, -6236.12
48200, -6469.14
48210, -6348.78
48220, -6297.6
48230, -6046.68
48240, -6023.68
48250, -6087.72
48260, -6195.22
48270, -6120.94
48280, -5652.5
48290, -5434.86
48300, -5442.52
48310, -5355.54
48320, -5765.16
48330, -5747.16
48340, -5186.56
48350, -5506.54
48360, -5439.98
48370, -5608.94
48380, -5647.38
48390, -5603.88
48400, -6067.2
48410, -5752.34
48420, -5739.48
48430, -5780.46
48440, -5742.1
48450, -5621.8
48460, -5808.66
48470, -5680.64
48480, -5934.08
48490, -5652.5
48500, -5358.1
48510, -5263.36
48520, -5263.36
48530, -5376.04
48540, -5324.82
48550, -5253.08
48560, -5168.66
48570, -4743.66
48580, -4746.22
48590, -4656.68
48600, -4456.98
48610, -4874.24
48620, -4095.96
48630, -4021.74
48640, -3737.6
48650, -3650.52
48660, -3791.32
48670, -3781.16
48680, -3663.36
48690, -3653.08
48700, -3745.32
48710, -3783.64
48720, -3745.24
48730, -3911.66
48740, -4106.26
48750, -4275.18
48760, -4208.66
48770, -4449.3
48780, -4556.84
48790, -4313.64
48800, -4316.14
48810, -4121.64
48820, -4162.58
48830, -4771.8
48840, -4841
48850, -5158.38
48860, -4234.22
48870, -4106.22
48880, -3880.96
48890, -4523.54
48900, -4899.8
48910, -5186.54
48920, -5063.64
48930, -5022.7
48940, -4915.2
48950, -4910.12
48960, -4784.66
48970, -4815.34
48980, -4746.24
48990, -4782.1
49000, -4643.8
49010, -4764.2
49020, -4705.3
49030, -4643.84
49040, -4661.78
49050, -4574.74
49060, -4482.58
49070, -4436.52
49080, -4482.56
49090, -4418.56
49100, -4339.22
49110, -4372.46
49120, -4395.52
49130, -4398.04
49140, -4346.92
49150, -4382.7
49160, -4326.44
49170, -4170.2
49180, -4014.12
49190, -3919.32
49200, -4003.82
49210, -3801.62
49220, -3822.04
49230, -3824.66
49240, -3811.82
49250, -3727.38
49260, -3799.04
49270, -3839.96
49280, -3676.18
49290, -3527.66
49300, -3479
49310, -3438.08
49320, -3292.16
49330, -3207.68
49340, -3118.08
49350, -2997.76
49360, -2913.28
49370, -2721.28
49380, -2880
49390, -2790.4
49400, -2659.84
49410, -2434.56
49420, -2088.96
49430, -2219.52
49440, -2357.76
49450, -2711.04
49460, -2516.48
49470, -2511.36
49480, -2426.88
49490, -2191.36
49500, -2186.24
49510, -2211.84
49520, -2086.4
49530, -2017.28
49540, -1858.56
49550, -1497.6
49560, -1387.52
49570, -1182.72
49580, -1175.04
49590, -1134.08
49600, -1077.76
49610, -1003.52
49620, -929.28
49630, -903.68
49640, -880.64
49650, -811.52
49660, -849.92
49670, -839.68
49680, -824.32
49690, -788.48
49700, -816.64
49710, -829.44
49720, -696.32
49730, -714.24
49740, -729.6
49750, -670.72
49760, -673.28
49770, -629.76
49780, -578.56
49790, -501.76
49800, -512
49810, -545.28
49820, -593.92
49830, -606.72
49840, -750.08
49850, -609.28
49860, -605.44
49870, -634.88
49880, -693.76
49890, -724.48
49900, -741.12
49910, -752.64
49920, -755.2
49930, -783.36
49940, -794.88
49950, -805.12
49960, -812.8
49970, -817.92
49980, -826.88
49990, -819.2
50000, -834.56
50010, -800
50020, -806.4
50030, -802.56
50040, -756.48
50050, -753.92
50060, -760.32
50070, -707.84
50080, -732.16
50090, -712.96
50100, -680.96
50110, -682.24
50120, -624.64
50130, -595.2
50140, -544
50150, -533.76
50160, -509.44
50170, -448
50180, -430.08
50190, -419.84
50200, -387.84
50210, -345.6
50220, -313.6
50230, -303.36
50240, -203.52
50250, -193.28
50260, -154.88
50270, -268.8
50280, -264.96
50290, -120.32
50300, -80.64
50310, -103.68
50320, -117.76
50330, -195.84
50340, -332.8
50350, -318.72
50360, -273.92
50370, -302.08
50380, -317.44
50390, -407.04
50400, -410.88
50410, -450.56
50420, -468.48
50430, -472.32
50440, -501.76
50450, -501.76
50460, -563.2
50470, -565.76
50480, -567.04
50490, -565.76
50500, -577.28
50510, -623.36
50520, -601.6
50530, -577.28
50540, -524.8
50550, -536.32
50560, -460.8
50570, -528.64
50580, -478.72
50590, -618.24
50600, -604.16
50610, -536.32
50620, -583.68
50630, -573.44
50640, -577.28
50650, -563.2
50660, -559.36
50670, -556.8
50680, -578.56
50690, -564.48
50700, -560.64
50710, -564.48
50720, -597.76
50730, -597.76
50740, -627.2
50750, -637.44
50760, -655.36
50770, -648.96
50780, -648.96
50790, -624.64
50800, -574.72
50810, -501.76
50820, -474.88
50830, -417.28
50840, -385.28
50850, -343.04
50860, -267.52
50870, -153.6
50880, -51.2
50890, -5.12
50900, 47.36
50910, 57.6
50920, 35.84
50930, -32
50940, -61.44
50950, -44.8
50960, -48.64
50970, -96
50980, -160
50990, -207.36
51000, -268.8
51010, -298.24
51020, -369.92
51030, -395.52
51040, -417.28
51050, -422.4
51060, -445.44
51070, -482.56
51080, -506.88
51090, -522.24
51100, -527.36
51110, -520.96
51120, -517.12
51130, -523.52
51140, -506.88
51150, -501.76
51160, -496.64
51170, -488.96
51180, -487.68
51190, -494.08
51200, -508.16
51210, -505.6
51220, -506.88
51230, -517.12
51240, -517.12
51250, -519.68
51260, -514.56
51270, -508.16
51280, -512
51290, -506.88
51300, -503.04
51310, -503.04
51320, -508.16
51330, -505.6
51340, -504.32
51350, -499.2
51360, -501.76
51370, -494.08
51380, -494.08
51390, -500.48
51400, -494.08
51410, -492.8
51420, -487.68
51430, -482.56
51440, -480
51450, -474.88
51460, -476.16
51470, -472.32
51480, -473.6
51490, -474.88
51500, -474.88
51510, -472.32
51520, -476.16
51530, -474.88
51540, -467.2
51550, -472.32
51560, -464.64
51570, -467.2
51580, -465.92
51590, -459.52
51600, -456.96
51610, -460.8
51620, -455.04
51630, -451.84
51640, -450.56
51650, -448
51660, -444.16
51670, -434.56
51680, -430.72
51690, -430.08
51700, -421.76
51710, -422.4
51720, -418.56
51730, -416
51740, -416
51750, -415.36
51760, -413.44
51770, -409.6
51780, -414.72
51790, -404.48
51800, -403.84
51810, -398.72
51820, -396.16
51830, -394.88
51840, -389.76
51850, -385.92
51860, -382.72
51870, -382.72
51880, -382.08
51890, -385.28
51900, -373.76
51910, -375.68
51920, -372.48
51930, -368
51940, -368
51950, -361.6
51960, -362.24
51970, -360.32
51980, -357.12
51990, -357.12
52000, -359.68
52010, -349.44
52020, -347.52
52030, -343.04
52040, -344.96
52050, -334.72
52060, -336.64
52070, -334.08
52080, -328.96
52090, -328.32
52100, -322.56
52110, -323.84
52120, -320.64
52130, -317.44
52140, -317.44
52150, -312.32
52160, -304
52170, -312.96
52180, -305.28
52190, -302.72
52200, -294.4
52210, -288.64
52220, -286.72
52230, -280.96
52240, -279.04
52250, -275.2
52260, -269.44
52270, -270.08
52280, -265.6
52290, -262.4
52300, -260.48
52310, -259.2
52320, -255.36
52330, -249.6
52340, -252.16
52350, -245.12
52360, -241.92
52370, -240.64
52380, -236.8
52390, -234.88
52400, -229.12
52410, -222.72
52420, -219.52
52430, -214.4
52440, -213.12
52450, -208
52460, -203.52
52470, -197.12
52480, -195.2
52490, -190.08
52500, -185.6
52510, -178.56
52520, -176.96
52530, -173.12
52540, -169.6
52550, -168.96
52560, -162.88
52570, -161.92
52580, -159.04
52590, -155.84
52600, -152.96
52610, -150.4
52620, -146.56
52630, -145.92
52640, -144.64
52650, -141.76
52660, -138.56
52670, -136.32
52680, -136.64
52690, -133.44
52700, -131.2
52710, -128
52720, -127.68
52730, -124.48
52740, -121.28
52750, -120
52760, -117.76
52770, -118.08
52780, -120.32
52790, -116.16
52800, -115.52
52810, -115.52
52820, -112.96
52830, -111.68
52840, -111.04
52850, -110.4
52860, -108.16
52870, -105.28
52880, -104.64
52890, -104.96
52900, -105.28
52910, -103.68
52920, -104
52930, -101.76
52940, -98.56
52950, -95.36
52960, -95.36
52970, -93.76
52980, -92.48
52990, -90.88
53000, -93.12
53010, -90.24
53020, -90.24
53030, -87.68
53040, -86.88
53050, -87.84
53060, -88.8
53070, -87.52
53080, -83.2
53090, -84.48
53100, -82.08
53110, -82.4
53120, -81.92
53130, -80.32
53140, -79.36
53150, -76.8
53160, -77.76
53170, -74.56
53180, -72.8
53190, -73.92
53200, -72
53210, -70.56
53220, -70.56
53230, -68.32
53240, -69.44
53250, -67.84
53260, -66.24
53270, -64.8
53280, -63.2
53290, -65.12
53300, -64.48
53310, -62.88
53320, -61.92
53330, -61.12
53340, -62.24
53350, -59.68
53360, -58.08
53370, -57.76
53380, -56.96
53390, -54.4
53400, -55.36
53410, -56.32
53420, -52.96
53430, -52.48
53440, -53.28
53450, -51.68
53460, -49.28
53470, -50.24
53480, -49.6
53490, -47.2
53500, -45.6
53510, -44.96
53520, -43.04
53530, -44.16
53540, -45.28
53550, -45.44
53560, -42.96
53570, -42.08
53580, -41.2
53590, -37.92
53600, -39.92
53610, -40.08
53620, -37.6
53630, -38.4
53640, -37.68
53650, -36.88
53660, -36.16
53670, -37.36
53680, -35.68
53690, -34.72
53700, -33.12
53710, -31.44
53720, -33.36
53730, -30.24
53740, -31.2
53750, -32
53760, -27.84
53770, -27.04
53780, -24.56
53790, -23.84
53800, -21.44
53810, -22.4
53820, -21.68
53830, -20.08
53840, -21.76
53850, -21.04
53860, -21.12
53870, -19.6
53880, -20.56
53890, -19.72
53900, -19.84
53910, -19.92
53920, -19
53930, -20.84
53940, -20
53950, -20.08
53960, -19.24
53970, -19.32
53980, -18.56
53990, -17.76
54000, -17.8
54010, -17
54020, -17.08
54030, -17.88
54040, -16.28
54050, -15.48
54060, -15.96
54070, -15.12
54080, -13.52
54090, -13.6
54100, -14.44
54110, -13.12
54120, -11.84
54130, -11.48
54140, -9.88
54150, -11.24
54160, -12.08
54170, -10.88
54180, -10.56
54190, -9.74
54200, -9.7
54210, -9.34
54220, -9.42
54230, -7.78
54240, -7.86
54250, -7.84
54260, -5.82
54270, -6.5
54280, -5.94
54290, -5.32
54300, -5.56
54310, -5.42
54320, -4.62
54330, -4.64
54340, -4.7
54350, -4.92
54360, -4.34
54370, -4.14
54380, -3.34
54390, -3.98
54400, -3.82
54410, -3.65
54420, -3.68
54430, -2.87
54440, -3.71
54450, -3.75
54460, -3.56
54470, -2.5
54480, -3.57
54490, -2.56
54500, -1.72
54510, -2.35
54520, -2.38
54530, -3.45
54540, -2.61
54550, -2.86
54560, -2.45
54570, -2.47
54580, -2.89
54590, -1.47
54600, -1.27
54610, -1.28
54620, -1.08
54630, -0.88
54640, -1.12
54650, -0.93
54660, -1.35
54670, -1.12
54680, -0.74
54690, -1.39
54700, -2
54710, -1.38
54720, -2.03
54730, -1.83
54740, -1.84
54750, -1.22
54760, -1.22
54770, -1.23
54780, -1.66
54790, -1.67
54800, -1.46
54810, -1.47
54820, -1.47
54830, -1.49
54840, -1.27
54850, -1.5
54860, -0.87
54870, -1.3
54880, -0.88
54890, -0.89
54900, -0.9
54910, -0.69
54920, -0.69
54930, -0.7
54940, -0.71
54950, -0.71
54960, -0.71
54970, -0.72
54980, -0.73
54990, -0.74
55000, -0.74
55010, -0.74
55020, -0.52
55030, -0.54
55040, -0.54
55050, -0.54
55060, -0.54
55070, -0.55
55080, -0.33
55090, -0.55
55100, -0.57
55110, -0.57
55120, -0.57
55130, -0.35
55140, -0.57
55150, -0.35
55160, -0.58
55170, -0.36
55180, -0.36
55190, -0.37
55200, -0.37
55210, -0.59
55220, -0.37
55230, -0.37
55240, -0.38
55250, -0.38
55260, -0.38
55270, -0.38
55280, -0.38
55290, -0.38
55300, -0.39
55310, -0.39
55320, -0.39
55330, -0.18
55340, -0.18
55350, -0.4
55360, -0.4
55370, -0.18
55380, -0.18
55390, -0.18
55400, -0.4
55410, -0.4
55420, -0.18
55430, -0.18
55440, -0.18
55450, -0.41
55460, -0.41
55470, -0.19
55480, -0.19
55490, -0.19
55500, -0.19
55510, -0.41
55520, -0.41
55530, -0.41
55540, -0.41
55550, -0.19
55560, -0.19
55570, -0.19
55580, -0.19
55590, -0.19
55600, -0.41
55610, -0.41
55620, -0.41
55630, -0.41
55640, -0.2
55650, -0.2
55660, -0.2
55670, -0.2
55680, -0.2
55690, -0.2
55700, -0.2
55710, -0.2
55720, -0.2
55730, -0.2
55740, -0.2
55750, -0.2
55760, -0.43
55770, -0.21
55780, -0.21
55790, -0.21
55800, -0.21
55810, -0.21
55820, -0.21
55830, -0.21
55840, -0.21
55850, -0.21
55860, -0.21
55870, -0.21
55880, -0.21
55890, -0.21
55900, -0.21
55910, -0.21
55920, -0.21
55930, -0.21
55940, -0.21
55950, -0.21
55960, -0.21
55970, -0.21
55980, -0.21
55990, -0.21
56000, -0.21
56010, -0.21
56020, -0.21
56030, -0.21
56040, -0.21
56050, 0.01
56060, 0.01
56070, 0.01
56080, 0.01
56090, 0.01
56100, -0.21
56110, -0.21
56120, 0.01
56130, -0.21
56140, -0.21
56150, -0.21
56160, -0.21
56170, -0.21
56180, -0.21
56190, -0.21
56200, -0.21
56210, -0.21
56220, -0.21
56230, -0.21
56240, -0.21
56250, -0.21
56260, -0.21
56270, -0.21
56280, -0.21
56290, -0.21
56300, -0.21
56310, -0.21
56320, -0.21
56330, -0.21
56340, -0.21
56350, -0.21
56360, -0.21
56370, -0.21
56380, -0.21
56390, -0.21
56400, -0.21
56410, -0.21
56420, -0.21
56430, -0.21
56440, -0.21
56450, -0.21
56460, -0.21
56470, -0.21
56480, -0.21
56490, -0.21
56500, -0.21
56510, -0.21
56520, -0.21
56530, -0.21
56540, -0.21
56550, -0.21
56560, -0.21
56570, -0.21
56580, -0.21
56590, -0.21
56600, -0.21
56610, -0.21
56620, -0.21
56630, -0.21
56640, -0.21
56650, -0.21
56660, -0.21
56670, -0.21
56680, -0.21
56690, -0.21
56700, -0.21
56710, -0.21
56720, -0.21
56730, -0.21
56740, -0.21
56750, -0.21
56760, -0.21
56770, -0.21
56780, -0.21
56790, -0.21
56800, -0.21
56810, -0.21
56820, -0.21
56830, -0.21
56840, -0.21
56850, -0.21
56860, -0.21
56870, -0.21
56880, -0.21
56890, -0.21
56900, -0.21
56910, -0.21
56920, -0.21
56930, -0.21
56940, -0.21
56950, -0.21
56960, -0.21
56970, -0.21
56980, -0.21
56990, -0.21
57000, -0.21
57010, -0.21
57020, -0.21
57030, -0.21
57040, -0.21
57050, -0.21
57060, -0.21
57070, -0.21
57080, -0.21
57090, -0.21
57100, -0.21
57110, -0.21
57120, -0.21
57130, -0.21
57140, -0.21
57150, -0.21
57160, -0.21
57170, -0.21
57180, -0.21
57190, -0.21
57200, -0.21
57210, -0.21
57220, -0.21
57230, -0.21
57240, -0.21
57250, -0.21
57260, -0.21
57270, -0.21
57280, -0.21
57290, -0.21
57300, -0.21
57310, -0.21
57320, -0.21
57330, -0.21
57340, -0.21
57350, -0.21
57360, -0.21
57370, -0.21
57380, -0.21
57390, -0.21
57400, -0.21
57410, -0.21
57420, -0.21
57430, -0.21
57440, -0.21
57450, -0.21
57460, -0.21
57470, -0.21
57480, -0.21
57490, -0.21
57500, -0.21
57510, -0.21
57520, -0.21
57530, -0.21
57540, -0.21
57550, -0.21
57560, -0.21
57570, -0.21
57580, -0.21
