System Time, Gateway Ticks, CFO (MHz), SFO (KHz), RSSI (dB), Raw Decoded Data, Chip ID, Packet Type, Battery %, Temp, Humidity, Motion Count, Serial Number
03-12-2020 08:41:33.313, 40011576272, 900.402344, 471.802433, 61.133337, 0xfb7382199024ea7003fac7e6, 0xea70, Check-in, 2.443846, 91.651405, 1.553368, 66766822, 66766822
03-12-2020 08:41:34.740, 40169210241, 902.218750, 470.882537, 66.487109, 0xfb7382199024ea7003fac7e6, 0xea70, Check-in, 2.443846, 91.651405, 1.553368, 66766822, 66766822
03-12-2020 08:41:36.268, 40319701618, 900.421875, 471.802433, 55.905970, 0x10a192155970244632574db3, 0x2446, Check-in, 2.176027, 8.115511, 19.664301, 844582323, 844582323
03-12-2020 08:41:37.836, 40468778614, 902.570312, 472.261987, 55.303293, 0x10a192155970244632574db3, 0x2446, Check-in, 2.176027, 8.115511, 19.664301, 844582323, 844582323
03-12-2020 08:41:39.394, 40622213682, 903.722656, 471.802433, 61.188201, 0x44c5a20292ca1a2702838e90, 0x1a27, Serial Number, 0.000000, 0.000000, 0.000000, 42176144, 42176144
03-12-2020 08:41:40.712, 40770363812, 902.238281, 471.802433, 69.247595, 0x44c5a20292ca1a2702838e90, 0x1a27, Serial Number, 0.000000, 0.000000, 0.000000, 42176144, 42176144
03-12-2020 08:41:42.442, 40937438776, 900.382812, 471.802433, 62.577253, 0x8d82b242c3e068a045557dd6, 0x68a0, Radio Test, 1.784831, 0.000000, 0.000000, 1163230678, 1163230678
03-12-2020 08:41:44.681, 41094147466, 902.140625, 471.340300, 61.296433, 0x8d82b242c3e068a045557dd6, 0x68a0, Radio Test, 1.784831, 0.000000, 0.000000, 1163230678, 1163230678
03-12-2020 08:41:46.957, 41377752446, 901.925781, 471.340300, 53.002616, 0xa99cc22c1320c2404eccc1e9, 0xc240, Motion Alert, 1.637629, 0.000000, 0.000000, 1322041833, 1322041833
03-12-2020 08:41:48.572, 41536355717, 903.429688, 471.340300, 51.133422, 0x60f1d2aa091a7851a314c5f2, 0x7851, Set Tag ID, 1.512857, 0.000000, 0.000000, 2736047602, 2736047602
03-12-2020 08:41:49.884, 41688253289, 899.484375, 471.802433, 50.738824, 0x60f1d2aa091a7851a314c5f2, 0x7851, Set Tag ID, 1.512857, 0.000000, 0.000000, 2736047602, 2736047602
03-12-2020 08:41:51.580, 41855818147, 903.605469, 471.802433, 56.130287, 0xa285e20800718a1a777198e7, 0x8a1a, Serial Number, 0.000000, 0.000000, 0.000000, 2003933415, 2003933415
03-12-2020 08:41:52.993, 41988891798, 902.550781, 470.882537, 56.407461, 0xa285e20800718a1a777198e7, 0x8a1a, Serial Number, 0.000000, 0.000000, 0.000000, 2003933415, 2003933415
03-12-2020 08:41:54.719, 42160570215, 903.957031, 473.180289, 66.206768, 0x74e6f2f08a12017361146e18, 0x0173, Error, 1.312810, 0.000000, 0.000000, 1628728856, 1628728856
03-12-2020 08:41:57.602, 42462257016, 900.363281, 471.802433, 60.158082, 0xdf9d823c7c40bc4040bc7d11, 0xbc40, Motion Muted, 2.443846, 0.000000, 0.000000, 1086094609, 1086094609
03-12-2020 08:41:59.479, 42632584769, 905.148438, 471.802433, 51.859856, 0xdf9d823c7c40bc4040bc7d11, 0xbc40, Motion Muted, 2.443846, 0.000000, 0.000000, 1086094609, 1086094609
03-12-2020 08:42:02.264, 42913915496, 902.179688, 470.882537, 63.550071, 0x1291929130d454348a11ce38, 0x5434, Serial Number, 0.000000, 0.000000, 0.000000, 2316422712, 2316422712
03-12-2020 08:42:03.827, 43068726377, 903.957031, 471.802433, 66.748089, 0xfedaa2011090d09090d4908a, 0xd090, Serial Number, 0.000000, 0.000000, 0.000000, 2429849738, 2429849738
03-12-2020 08:42:05.399, 43219227902, 899.464844, 471.802433, 49.062254, 0xfedaa2011090d09090d4908a, 0xd090, Serial Number, 0.000000, 0.000000, 0.000000, 2429849738, 2429849738
03-12-2020 08:42:06.813, 43368422705, 903.664062, 471.802433, 56.240132, 0xc425b2c92082c4188a0f1e57, 0xc418, Serial Number, 1.784831, 0.000000, 0.000000, 2316246615, 2316246615
03-12-2020 08:42:08.557, 43534472569, 899.484375, 471.802433, 51.263008, 0xc425b2c92082c4188a0f1e57, 0xc418, Serial Number, 1.784831, 0.000000, 0.000000, 2316246615, 2316246615
03-12-2020 08:42:12.856, 43986195826, 900.382812, 471.802433, 62.548780, 0x2915d28d38c3ca39ea08a66f, 0xca39, Serial Number, 0.000000, 0.000000, 0.000000, 3926435439, 3926435439
03-12-2020 08:42:18.938, 44595013763, 903.878906, 471.802433, 73.601540, 0xab36f29d34bf8a1ccb03b681, 0x8a1c, Serial Number, 0.000000, 0.000000, 0.000000, 3406018177, 3406018177
03-12-2020 08:42:20.717, 44757856260, 902.453125, 472.261987, 61.484747, 0xab36f29d34bf8a1ccb03b681, 0x8a1c, Serial Number, 0.000000, 0.000000, 0.000000, 3406018177, 3406018177
03-12-2020 08:42:22.348, 44931062599, 903.722656, 471.340300, 61.020858, 0xf8c8820099050001c0008401, 0x0001, Serial Number, 0.000000, 0.000000, 0.000000, 3221259265, 3221259265
03-12-2020 08:42:28.167, 45516284258, 903.781250, 471.802433, 66.220727, 0xf42da2170090d3000090008b, 0xd300, Check-in, 1.961111, -44.628826, 0.219730, 9437323, 9437323
03-12-2020 08:42:29.893, 45682723422, 902.140625, 473.180289, 61.286342, 0xf42da2170090d3000090008b, 0xd300, Check-in, 1.961111, -44.628826, 0.219730, 9437323, 9437323
03-12-2020 08:42:31.575, 45838585886, 900.402344, 471.802433, 61.031954, 0x3bbfb280c8002ec8ebc300b0, 0x2ec8, Serial Number, 0.000000, 0.000000, 0.000000, 3955425456, 3955425456
03-12-2020 08:42:33.200, 45997653309, 902.179688, 470.882537, 63.590792, 0x3bbfb280c8002ec8ebc300b0, 0x2ec8, Serial Number, 0.000000, 0.000000, 0.000000, 3955425456, 3955425456
03-12-2020 08:42:34.459, 46139172888, 903.625000, 472.718946, 55.200871, 0x4597c20078000d804202bf82, 0x0d80, Serial Number, 0.000000, 0.000000, 0.000000, 1107476354, 1107476354
03-12-2020 08:42:36.332, 46283601325, 902.160156, 471.802433, 60.084306, 0x4597c20078000d804202bf82, 0x0d80, Serial Number, 0.000000, 0.000000, 0.000000, 1107476354, 1107476354
03-12-2020 08:42:37.601, 46439362596, 900.382812, 471.802433, 62.586305, 0x8fb6d23820898000494251e3, 0x8000, Motion Muted, 1.512857, 0.000000, 0.000000, 1229083107, 1229083107
03-12-2020 08:42:39.275, 46606716180, 902.042969, 473.180289, 56.057028, 0x8fb6d23820898000494251e3, 0x8000, Motion Muted, 1.512857, 0.000000, 0.000000, 1229083107, 1229083107
03-12-2020 08:42:40.752, 46755528578, 903.527344, 471.802433, 52.068837, 0xa461e200062144fe000083c0, 0x44fe, Serial Number, 0.000000, 0.000000, 0.000000, 33728, 33728
03-12-2020 08:42:42.323, 46919224030, 902.218750, 471.802433, 66.505772, 0xa461e200062144fe000083c0, 0x44fe, Serial Number, 0.000000, 0.000000, 0.000000, 33728, 33728
03-12-2020 08:42:43.895, 47077801787, 900.421875, 471.802433, 55.889831, 0x58b7f21268012e484c420200, 0x2e48, Check-in, 1.312810, -43.632793, 29.788662, 1279394304, 1279394304
03-12-2020 08:42:45.206, 47206157239, 902.160156, 471.802433, 59.892501, 0x58b7f21268012e484c420200, 0x2e48, Check-in, 1.312810, -43.632793, 29.788662, 1279394304, 1279394304
03-12-2020 08:42:48.409, 47528936263, 899.445312, 471.802433, 46.698333, 0xee92822410f632db13f848e8, 0x32db, Motion Alert, 2.443846, 0.000000, 0.000000, 335038696, 335038696
03-12-2020 08:42:51.392, 47826741746, 899.484375, 471.802433, 50.792110, 0xd89d9200e4f280da0a025218, 0x80da, Serial Number, 0.000000, 0.000000, 0.000000, 167924248, 167924248
03-12-2020 08:42:52.911, 47974034434, 903.761719, 471.802433, 62.808432, 0x9c1aa24821e1455d6fc00122, 0x455d, Radio Test, 1.961111, 0.000000, 0.000000, 1874854178, 1874854178
03-12-2020 08:42:54.223, 48121682711, 902.238281, 471.802433, 69.280092, 0x9c1aa24821e1455d6fc00122, 0x455d, Radio Test, 1.961111, 0.000000, 0.000000, 1874854178, 1874854178
03-12-2020 08:42:59.867, 48593119577, 903.937500, 472.718946, 67.155500, 0xdde0c20a38006802083d1ea3, 0x6802, Serial Number, 0.000000, 0.000000, 0.000000, 138223267, 138223267
03-12-2020 08:43:00.608, 48741389266, 902.824219, 470.882537, 49.930883, 0xdde0c20a38006802083d1ea3, 0x6802, Serial Number, 0.000000, 0.000000, 0.000000, 138223267, 138223267
03-12-2020 08:43:02.238, 48906619212, 903.625000, 470.882537, 55.119123, 0x3dfcd29c134156a88d03023d, 0x56a8, Serial Number, 0.000000, 0.000000, 0.000000, 2365784637, 2365784637
03-12-2020 08:43:03.658, 49051863063, 899.445312, 471.340300, 47.505114, 0x3dfcd29c134156a88d03023d, 0x56a8, Serial Number, 0.000000, 0.000000, 0.000000, 2365784637, 2365784637
03-12-2020 08:43:05.136, 49207603194, 900.460938, 471.802433, 48.548566, 0xf1c2e2c4c0c26cbc55caf7bc, 0x6cbc, Serial Number, 1.405752, 0.000000, 0.000000, 1439365052, 1439365052
03-12-2020 08:43:06.644, 49356197360, 902.414062, 471.802433, 63.520016, 0xf1c2e2c4c0c26cbc55caf7bc, 0x6cbc, Serial Number, 1.405752, 0.000000, 0.000000, 1439365052, 1439365052
03-12-2020 08:43:08.313, 49517641279, 903.859375, 471.802433, 73.615853, 0xcf9ef2e30e1fcfd2d306d251, 0xcfd2, Serial Number, 0.000000, 0.000000, 0.000000, 3540439633, 3540439633
03-12-2020 08:43:09.897, 49674220052, 902.492188, 472.261987, 59.437978, 0xcf9ef2e30e1fcfd2d306d251, 0xcfd2, Serial Number, 0.000000, 0.000000, 0.000000, 3540439633, 3540439633
03-12-2020 08:43:11.353, 49820039851, 903.722656, 472.718946, 61.194091, 0x37e98235d74d33d33cf3cb3c, 0x33d3, Motion Muted, 2.443846, 0.000000, 0.000000, 1022610236, 1022610236
03-12-2020 08:43:12.730, 49954541149, 905.109375, 472.718946, 59.482126, 0x37e98235d74d33d33cf3cb3c, 0x33d3, Motion Muted, 2.443846, 0.000000, 0.000000, 1022610236, 1022610236
03-12-2020 08:43:14.345, 50112221107, 903.507812, 470.882537, 53.878101, 0x594692f4d76df7e2490d9a6a, 0xf7e2, Error, 2.176027, 0.000000, 0.000000, 1225628266, 1225628266
03-12-2020 08:43:15.866, 50268802384, 902.179688, 472.261987, 63.592716, 0x594692f4d76df7e2490d9a6a, 0xf7e2, Error, 2.176027, 0.000000, 0.000000, 1225628266, 1225628266
03-12-2020 08:43:17.347, 50429768572, 903.742188, 471.802433, 62.451478, 0x30eea2444d554ede65e6666e, 0x4ede, Radio Test, 1.961111, 0.000000, 0.000000, 1709598318, 1709598318
03-12-2020 08:43:18.860, 50574997395, 902.179688, 473.180289, 63.334815, 0x30eea2444d554ede65e6666e, 0x4ede, Radio Test, 1.961111, 0.000000, 0.000000, 1709598318, 1709598318
03-12-2020 08:43:21.951, 50882757925, 902.277344, 471.340300, 73.578724, 0x9dfbb276e7ef777361116a90, 0x7773, Serial Number, 0.000000, 0.000000, 0.000000, 1628531344, 1628531344
03-12-2020 08:43:23.628, 51045926970, 903.800781, 473.180289, 64.595079, 0xde30c2e0eefe0ffe1ee0ff0f, 0x0ffe, Serial Number, 0.000000, 0.000000, 0.000000, 518061839, 518061839
03-12-2020 08:43:25.202, 51208242487, 902.160156, 472.718946, 59.708854, 0xde30c2e0eefe0ffe1ee0ff0f, 0x0ffe, Serial Number, 0.000000, 0.000000, 0.000000, 518061839, 518061839
03-12-2020 08:43:26.361, 51331493017, 903.800781, 472.718946, 65.716784, 0xfc0bd2f4c27f0680a1524ab8, 0x0680, Error, 1.512857, 0.000000, 0.000000, 2706524856, 2706524856
03-12-2020 08:43:28.417, 51505470519, 902.511719, 473.180289, 57.351939, 0xfc0bd2f4c27f0680a1524ab8, 0x0680, Error, 1.512857, 0.000000, 0.000000, 2706524856, 2706524856
03-12-2020 08:43:29.725, 51656130896, 903.917969, 471.802433, 71.208803, 0x0929e200000000e87070e8f1, 0x00e8, Serial Number, 0.000000, 0.000000, 0.000000, 1886447857, 1886447857
03-12-2020 08:43:31.233, 51799986604, 902.140625, 471.802433, 61.329626, 0x0929e200000000e87070e8f1, 0x00e8, Serial Number, 0.000000, 0.000000, 0.000000, 1886447857, 1886447857
03-12-2020 08:43:32.804, 51959067757, 903.683594, 471.802433, 59.671189, 0xc51ff2417e0232e44a939b01, 0x32e4, Radio Test, 1.312810, 0.000000, 0.000000, 1251187457, 1251187457
03-12-2020 08:43:34.219, 52115601024, 902.472656, 473.180289, 56.310864, 0xc51ff2417e0232e44a939b01, 0x32e4, Radio Test, 1.312810, 0.000000, 0.000000, 1251187457, 1251187457
03-12-2020 08:43:36.135, 52285628683, 903.703125, 471.802433, 58.879440, 0xf7cf02cae054b56233e78f1c, 0xb562, Serial Number, 158.850006, 0.000000, 0.000000, 870813468, 870813468
03-12-2020 08:43:37.418, 52426117974, 902.160156, 472.718946, 59.800421, 0xf7cf02cae054b56233e78f1c, 0xb562, Serial Number, 158.850006, 0.000000, 0.000000, 870813468, 870813468
03-12-2020 08:43:39.123, 52585120058, 903.937500, 473.180289, 67.141741, 0x129412f7203664c983060c18, 0x64c9, Error, 17.650000, 0.000000, 0.000000, 2198211608, 2198211608
03-12-2020 08:43:40.305, 52718744495, 902.257812, 471.802433, 70.839023, 0x129412f7203664c983060c18, 0x64c9, Error, 17.650000, 0.000000, 0.000000, 2198211608, 2198211608
03-12-2020 08:43:41.712, 52864579242, 904.035156, 472.718946, 60.687990, 0x2f8c2222203060c18305cb96, 0x60c1, Motion Alert, 9.344118, 0.000000, 0.000000, 2198195094, 2198195094
03-12-2020 08:43:43.549, 53046153513, 902.257812, 472.718946, 70.239553, 0x2f8c2222203060c18305cb96, 0x60c1, Motion Alert, 9.344118, 0.000000, 0.000000, 2198195094, 2198195094
03-12-2020 08:43:44.917, 53169903736, 900.480469, 471.802433, 46.791576, 0xcefd324c002c58b162c58b16, 0x58b1, Radio Test, 6.354000, 0.000000, 0.000000, 1657113366, 1657113366
03-12-2020 08:43:46.448, 53330335307, 902.550781, 470.882537, 56.557891, 0xcefd324c002c58b162c58b16, 0x58b1, Radio Test, 6.354000, 0.000000, 0.000000, 1657113366, 1657113366
03-12-2020 08:43:48.112, 53505402424, 900.382812, 471.802433, 62.567185, 0x5af842618000000002c58b17, 0x0000, Operation Stopped, 4.813636, 0.000000, 0.000000, 46500631, 46500631
03-12-2020 08:51:20.143, 98709766385, 903.781250, 473.180289, 63.783730, 0x46aa0200540002d9165167ff, 0x02d9, Serial Number, 0.000000, 0.000000, 0.000000, 374433791, 374433791
03-12-2020 08:51:22.140, 98898859337, 899.503906, 471.802433, 49.662740, 0x46aa0200540002d9165167ff, 0x02d9, Serial Number, 0.000000, 0.000000, 0.000000, 374433791, 374433791
03-12-2020 08:52:14.253, 104105792010, 912.726562, 473.639028, 50.993239, 0xd8d881400300000018170300, 0x0000, Radio Test, 2.462791, 0.000000, 0.000000, 404161280, 404161280
03-12-2020 08:52:16.887, 104293545262, 907.179688, 473.639028, 49.524802, 0x542a7c4002fc0000181702fc, 0x0000, Radio Test, 2.562097, 0.000000, 0.000000, 404161276, 404161276
03-12-2020 08:52:20.547, 104744120253, 907.179688, 473.639028, 50.071315, 0x542a7c4002fc0000181702fc, 0x0000, Radio Test, 2.562097, 0.000000, 0.000000, 404161276, 404161276
03-12-2020 08:52:22.851, 104964967628, 907.199219, 473.639028, 50.793620, 0x542a7c4002fc0000181702fc, 0x0000, Radio Test, 2.562097, 0.000000, 0.000000, 404161276, 404161276
03-12-2020 08:52:24.843, 105174227825, 907.179688, 473.639028, 50.796480, 0x59607c4002fd0000181702fd, 0x0000, Radio Test, 2.562097, 0.000000, 0.000000, 404161277, 404161277
03-12-2020 08:52:46.135, 107315447321, 912.667969, 473.180289, 47.691506, 0xcf0681400303000018170303, 0x0000, Radio Test, 2.462791, 0.000000, 0.000000, 404161283, 404161283
03-12-2020 08:52:48.554, 107555806194, 907.277344, 473.639028, 46.081222, 0x43f47c4002ff0000181702ff, 0x0000, Radio Test, 2.562097, 0.000000, 0.000000, 404161279, 404161279
03-12-2020 08:52:51.524, 107782741073, 907.296875, 473.639028, 50.365435, 0x43f47c4002ff0000181702ff, 0x0000, Radio Test, 2.562097, 0.000000, 0.000000, 404161279, 404161279
03-12-2020 08:52:53.499, 107982999667, 912.726562, 473.639028, 45.095257, 0xedf081400304000018170304, 0x0000, Radio Test, 2.462791, 0.000000, 0.000000, 404161284, 404161284
03-12-2020 08:52:54.833, 108179439257, 912.726562, 473.639028, 46.917079, 0xedf081400304000018170304, 0x0000, Radio Test, 2.462791, 0.000000, 0.000000, 404161284, 404161284
03-12-2020 08:53:04.846, 109084484975, 907.238281, 473.639028, 49.206740, 0xcb267c400300000018170300, 0x0000, Radio Test, 2.562097, 0.000000, 0.000000, 404161280, 404161280
03-12-2020 08:53:05.596, 109257276196, 912.687500, 473.180289, 49.187442, 0xe0ba81400305000018170305, 0x0000, Radio Test, 2.462791, 0.000000, 0.000000, 404161285, 404161285
03-12-2020 08:53:07.696, 109468698218, 912.687500, 473.639028, 49.274440, 0xe0ba81400305000018170305, 0x0000, Radio Test, 2.462791, 0.000000, 0.000000, 404161285, 404161285
03-12-2020 08:53:10.611, 109742555740, 907.277344, 473.639028, 50.761703, 0xc66c7c400301000018170301, 0x0000, Radio Test, 2.562097, 0.000000, 0.000000, 404161281, 404161281
03-12-2020 08:53:14.219, 110111710658, 912.902344, 473.180289, 48.828056, 0xf76481400306000018170306, 0x0000, Radio Test, 2.462791, 0.000000, 0.000000, 404161286, 404161286
03-12-2020 08:53:52.516, 113936355993, 912.609375, 473.180289, 48.238299, 0xbfc281400309000018170309, 0x0000, Radio Test, 2.462791, 0.000000, 0.000000, 404161289, 404161289
03-12-2020 08:54:03.310, 115021118339, 912.609375, 473.639028, 46.240730, 0xa81c8140030a00001817030a, 0x0000, Radio Test, 2.462791, 0.000000, 0.000000, 404161290, 404161290
03-12-2020 08:54:07.509, 115440320057, 912.609375, 473.639028, 48.036693, 0xa5568140030b00001817030b, 0x0000, Radio Test, 2.462791, 0.000000, 0.000000, 404161291, 404161291
03-12-2020 08:54:09.694, 115646975215, 912.609375, 473.639028, 50.598710, 0xa5568140030b00001817030b, 0x0000, Radio Test, 2.462791, 0.000000, 0.000000, 404161291, 404161291
03-12-2020 08:56:07.103, 127408248433, 912.531250, 473.180289, 45.590074, 0x23c481400316000018170316, 0x0000, Radio Test, 2.462791, 0.000000, 0.000000, 404161302, 404161302
03-12-2020 08:56:13.428, 128033381362, 912.511719, 473.180289, 45.319335, 0x23c481400316000018170316, 0x0000, Radio Test, 2.462791, 0.000000, 0.000000, 404161302, 404161302
03-12-2020 08:56:15.254, 128217936179, 907.042969, 473.639028, 45.786656, 0x05127c400312000018170312, 0x0000, Radio Test, 2.562097, 0.000000, 0.000000, 404161298, 404161298
03-12-2020 08:56:19.836, 128684891339, 912.492188, 473.180289, 45.687306, 0x2e8e81400317000018170317, 0x0000, Radio Test, 2.462791, 0.000000, 0.000000, 404161303, 404161303
03-12-2020 08:56:21.539, 128848075142, 907.042969, 473.639028, 45.613467, 0x05127c400312000018170312, 0x0000, Radio Test, 2.562097, 0.000000, 0.000000, 404161298, 404161298
03-12-2020 08:56:24.235, 129089523845, 912.492188, 473.639028, 48.810406, 0x2e8e81400317000018170317, 0x0000, Radio Test, 2.462791, 0.000000, 0.000000, 404161303, 404161303
03-12-2020 08:56:27.898, 129489666709, 907.042969, 473.639028, 45.996472, 0x08587c400313000018170313, 0x0000, Radio Test, 2.562097, 0.000000, 0.000000, 404161299, 404161299
03-12-2020 08:56:30.429, 129737830547, 912.492188, 473.639028, 46.892432, 0x662881400318000018170318, 0x0000, Radio Test, 2.462791, 0.000000, 0.000000, 404161304, 404161304
03-12-2020 08:56:32.476, 129928979982, 907.042969, 473.639028, 46.665334, 0x08587c400313000018170313, 0x0000, Radio Test, 2.562097, 0.000000, 0.000000, 404161299, 404161299
03-12-2020 08:56:34.885, 130170981095, 912.492188, 473.180289, 45.766603, 0x662881400318000018170318, 0x0000, Radio Test, 2.462791, 0.000000, 0.000000, 404161304, 404161304
03-12-2020 08:56:36.980, 130381374543, 912.492188, 473.180289, 46.705604, 0x6b6281400319000018170319, 0x0000, Radio Test, 2.462791, 0.000000, 0.000000, 404161305, 404161305
03-12-2020 08:56:38.825, 130584255929, 912.492188, 473.180289, 46.934501, 0x6b6281400319000018170319, 0x0000, Radio Test, 2.462791, 0.000000, 0.000000, 404161305, 404161305
03-12-2020 08:56:40.967, 130791349744, 912.492188, 473.639028, 46.799557, 0x6b6281400319000018170319, 0x0000, Radio Test, 2.462791, 0.000000, 0.000000, 404161305, 404161305
03-12-2020 08:56:43.419, 131025662915, 912.492188, 473.639028, 47.451301, 0x6b6281400319000018170319, 0x0000, Radio Test, 2.462791, 0.000000, 0.000000, 404161305, 404161305
03-12-2020 08:56:45.208, 131223372680, 912.492188, 473.180289, 47.073232, 0x6b6281400319000018170319, 0x0000, Radio Test, 2.462791, 0.000000, 0.000000, 404161305, 404161305
03-12-2020 08:56:47.671, 131452964145, 912.492188, 473.180289, 47.400292, 0x7cbc8140031a00001817031a, 0x0000, Radio Test, 2.462791, 0.000000, 0.000000, 404161306, 404161306
03-12-2020 08:56:49.551, 131635811665, 907.023438, 473.639028, 45.299311, 0x27e47c400315000018170315, 0x0000, Radio Test, 2.562097, 0.000000, 0.000000, 404161301, 404161301
03-12-2020 08:56:52.170, 131882595401, 912.492188, 473.180289, 47.851654, 0x7cbc8140031a00001817031a, 0x0000, Radio Test, 2.462791, 0.000000, 0.000000, 404161306, 404161306
03-12-2020 08:56:53.954, 132090063094, 912.492188, 473.639028, 47.317051, 0x7cbc8140031a00001817031a, 0x0000, Radio Test, 2.462791, 0.000000, 0.000000, 404161306, 404161306
03-12-2020 08:56:56.219, 132299432225, 912.492188, 473.180289, 47.336274, 0x7cbc8140031a00001817031a, 0x0000, Radio Test, 2.462791, 0.000000, 0.000000, 404161306, 404161306
03-12-2020 08:56:58.157, 132500299478, 912.472656, 473.639028, 46.513985, 0x71f68140031b00001817031b, 0x0000, Radio Test, 2.462791, 0.000000, 0.000000, 404161307, 404161307
03-12-2020 08:58:16.803, 140382017189, 912.550781, 472.718946, 45.011313, 0xab0f81400322000018170322, 0x0000, Radio Test, 2.462791, 0.000000, 0.000000, 404161314, 404161314
03-12-2020 08:58:18.951, 140582925467, 912.531250, 473.639028, 45.951616, 0xab0f81400322000018170322, 0x0000, Radio Test, 2.462791, 0.000000, 0.000000, 404161314, 404161314
03-12-2020 08:58:27.499, 141444766321, 912.511719, 472.718946, 45.886078, 0xa64581400323000018170323, 0x0000, Radio Test, 2.462791, 0.000000, 0.000000, 404161315, 404161315
03-12-2020 08:58:29.752, 141662921864, 912.511719, 473.639028, 45.693566, 0xa64581400323000018170323, 0x0000, Radio Test, 2.462791, 0.000000, 0.000000, 404161315, 404161315
03-12-2020 08:58:31.643, 141857158158, 912.511719, 473.639028, 45.240545, 0xa64581400323000018170323, 0x0000, Radio Test, 2.462791, 0.000000, 0.000000, 404161315, 404161315
03-12-2020 08:58:34.619, 142098830356, 912.511719, 473.639028, 46.298929, 0x84b381400324000018170324, 0x0000, Radio Test, 2.462791, 0.000000, 0.000000, 404161316, 404161316
03-12-2020 08:58:36.246, 142320753997, 912.511719, 473.639028, 46.276040, 0x84b381400324000018170324, 0x0000, Radio Test, 2.462791, 0.000000, 0.000000, 404161316, 404161316
03-12-2020 08:58:42.537, 142942761558, 912.511719, 473.639028, 44.969483, 0x84b381400324000018170324, 0x0000, Radio Test, 2.462791, 0.000000, 0.000000, 404161316, 404161316
03-12-2020 08:58:44.543, 143152938790, 912.511719, 473.639028, 46.322786, 0x89f981400325000018170325, 0x0000, Radio Test, 2.462791, 0.000000, 0.000000, 404161317, 404161317
03-12-2020 08:58:46.933, 143380122565, 912.511719, 472.718946, 46.295714, 0x89f981400325000018170325, 0x0000, Radio Test, 2.462791, 0.000000, 0.000000, 404161317, 404161317
03-12-2020 08:58:49.402, 143589273492, 912.511719, 473.180289, 46.106301, 0x89f981400325000018170325, 0x0000, Radio Test, 2.462791, 0.000000, 0.000000, 404161317, 404161317
03-12-2020 08:58:55.343, 144228669102, 912.511719, 473.180289, 45.936655, 0x9e2781400326000018170326, 0x0000, Radio Test, 2.462791, 0.000000, 0.000000, 404161318, 404161318
03-12-2020 08:58:57.576, 144440321279, 912.511719, 472.261987, 45.937588, 0x9e2781400326000018170326, 0x0000, Radio Test, 2.462791, 0.000000, 0.000000, 404161318, 404161318
03-12-2020 08:58:59.224, 144621704768, 912.511719, 473.639028, 46.338095, 0x9e2781400326000018170326, 0x0000, Radio Test, 2.462791, 0.000000, 0.000000, 404161318, 404161318
03-12-2020 08:59:01.410, 144839406619, 912.511719, 473.180289, 45.364569, 0x9e2781400326000018170326, 0x0000, Radio Test, 2.462791, 0.000000, 0.000000, 404161318, 404161318
03-12-2020 08:59:03.719, 145054289263, 912.511719, 473.180289, 45.722234, 0x9e2781400326000018170326, 0x0000, Radio Test, 2.462791, 0.000000, 0.000000, 404161318, 404161318
03-12-2020 08:59:05.885, 145283770832, 912.511719, 473.180289, 45.492470, 0x936d81400327000018170327, 0x0000, Radio Test, 2.462791, 0.000000, 0.000000, 404161319, 404161319
03-12-2020 08:59:23.774, 147000645598, 912.531250, 473.639028, 45.372133, 0xdbcb81400328000018170328, 0x0000, Radio Test, 2.462791, 0.000000, 0.000000, 404161320, 404161320
03-12-2020 08:59:27.363, 147423466824, 912.531250, 473.639028, 45.850054, 0xd68181400329000018170329, 0x0000, Radio Test, 2.462791, 0.000000, 0.000000, 404161321, 404161321
03-12-2020 08:59:29.406, 147627617816, 912.531250, 473.639028, 46.225235, 0xd68181400329000018170329, 0x0000, Radio Test, 2.462791, 0.000000, 0.000000, 404161321, 404161321
03-12-2020 08:59:31.451, 147826643724, 912.531250, 473.180289, 45.138334, 0xd68181400329000018170329, 0x0000, Radio Test, 2.462791, 0.000000, 0.000000, 404161321, 404161321
03-12-2020 08:59:33.345, 148028921987, 912.531250, 473.180289, 46.332330, 0xd68181400329000018170329, 0x0000, Radio Test, 2.462791, 0.000000, 0.000000, 404161321, 404161321
03-12-2020 08:59:35.502, 148239665634, 912.531250, 473.639028, 46.656556, 0xd68181400329000018170329, 0x0000, Radio Test, 2.462791, 0.000000, 0.000000, 404161321, 404161321
03-12-2020 08:59:37.966, 148478611773, 912.531250, 473.180289, 46.552759, 0xc15f8140032a00001817032a, 0x0000, Radio Test, 2.462791, 0.000000, 0.000000, 404161322, 404161322
03-12-2020 08:59:42.266, 148910976865, 912.550781, 473.180289, 45.932417, 0xc15f8140032a00001817032a, 0x0000, Radio Test, 2.462791, 0.000000, 0.000000, 404161322, 404161322
03-12-2020 08:59:44.248, 149112348514, 912.531250, 473.180289, 45.497520, 0xc15f8140032a00001817032a, 0x0000, Radio Test, 2.462791, 0.000000, 0.000000, 404161322, 404161322
03-12-2020 08:59:46.128, 149309034729, 912.531250, 473.180289, 45.747562, 0xc15f8140032a00001817032a, 0x0000, Radio Test, 2.462791, 0.000000, 0.000000, 404161322, 404161322
03-12-2020 08:59:50.592, 149750336293, 912.550781, 473.639028, 46.376733, 0xcc158140032b00001817032b, 0x0000, Radio Test, 2.462791, 0.000000, 0.000000, 404161323, 404161323
03-12-2020 08:59:52.847, 149971927854, 912.550781, 473.639028, 45.826596, 0xcc158140032b00001817032b, 0x0000, Radio Test, 2.462791, 0.000000, 0.000000, 404161323, 404161323
03-12-2020 08:59:54.854, 150182812118, 912.550781, 472.718946, 45.949764, 0xcc158140032b00001817032b, 0x0000, Radio Test, 2.462791, 0.000000, 0.000000, 404161323, 404161323
03-12-2020 08:59:56.890, 150383756124, 912.550781, 473.180289, 46.818761, 0xcc158140032b00001817032b, 0x0000, Radio Test, 2.462791, 0.000000, 0.000000, 404161323, 404161323
03-12-2020 08:59:58.818, 150583724618, 912.550781, 473.180289, 46.337134, 0xeee38140032c00001817032c, 0x0000, Radio Test, 2.462791, 0.000000, 0.000000, 404161324, 404161324
03-12-2020 09:00:01.452, 150828425463, 912.550781, 473.180289, 45.526698, 0xeee38140032c00001817032c, 0x0000, Radio Test, 2.462791, 0.000000, 0.000000, 404161324, 404161324
03-12-2020 09:00:03.434, 151027524559, 912.550781, 473.180289, 46.018494, 0xeee38140032c00001817032c, 0x0000, Radio Test, 2.462791, 0.000000, 0.000000, 404161324, 404161324
03-12-2020 09:00:05.388, 151240293122, 912.550781, 472.718946, 45.714941, 0xeee38140032c00001817032c, 0x0000, Radio Test, 2.462791, 0.000000, 0.000000, 404161324, 404161324
03-12-2020 09:00:10.631, 151683069251, 912.550781, 473.639028, 45.277952, 0xe3a98140032d00001817032d, 0x0000, Radio Test, 2.462791, 0.000000, 0.000000, 404161325, 404161325
03-12-2020 09:00:12.268, 151886446544, 912.550781, 473.639028, 45.570613, 0xe3a98140032d00001817032d, 0x0000, Radio Test, 2.462791, 0.000000, 0.000000, 404161325, 404161325
03-12-2020 09:00:14.241, 152114758527, 912.550781, 473.180289, 45.649428, 0xe3a98140032d00001817032d, 0x0000, Radio Test, 2.462791, 0.000000, 0.000000, 404161325, 404161325
03-12-2020 09:00:16.234, 152300729437, 912.550781, 473.639028, 45.138907, 0xe3a98140032d00001817032d, 0x0000, Radio Test, 2.462791, 0.000000, 0.000000, 404161325, 404161325
03-12-2020 09:00:20.316, 152711237640, 912.550781, 473.639028, 45.843666, 0xf4778140032e00001817032e, 0x0000, Radio Test, 2.462791, 0.000000, 0.000000, 404161326, 404161326
03-12-2020 09:00:22.457, 152925440999, 912.570312, 473.639028, 46.256193, 0xf4778140032e00001817032e, 0x0000, Radio Test, 2.462791, 0.000000, 0.000000, 404161326, 404161326
03-12-2020 09:00:24.682, 153161270628, 912.570312, 473.639028, 46.602268, 0xf4778140032e00001817032e, 0x0000, Radio Test, 2.462791, 0.000000, 0.000000, 404161326, 404161326
03-12-2020 09:00:26.664, 153366171251, 912.570312, 472.718946, 45.971202, 0xf4778140032e00001817032e, 0x0000, Radio Test, 2.462791, 0.000000, 0.000000, 404161326, 404161326
03-12-2020 09:00:33.259, 154014429183, 912.570312, 473.180289, 45.778972, 0xf93d8140032f00001817032f, 0x0000, Radio Test, 2.462791, 0.000000, 0.000000, 404161327, 404161327
03-12-2020 09:00:48.163, 155499765952, 912.531250, 473.639028, 43.779829, 0x653b81400330000018170330, 0x0000, Radio Test, 2.462791, 0.000000, 0.000000, 404161328, 404161328
03-12-2020 09:05:53.444, 186030039722, 912.609375, 473.639028, 45.874015, 0x586c8140034d00001817034d, 0x0000, Radio Test, 2.462791, 0.000000, 0.000000, 404161357, 404161357
03-12-2020 09:10:42.572, 214882879229, 902.082031, 471.340300, 56.519301, 0xf2d40200540002f236ba47ff, 0x02f2, Serial Number, 0.000000, 0.000000, 0.000000, 918177791, 918177791
03-12-2020 09:20:14.571, 272143151997, 902.492188, 471.802433, 57.397361, 0x3ebe02005400030446e657ff, 0x0304, Serial Number, 0.000000, 0.000000, 0.000000, 1189500927, 1189500927
03-12-2020 09:30:00.664, 330752162752, 903.976562, 471.340300, 60.778118, 0xd84402005300031356d31fff, 0x0313, Serial Number, 0.000000, 0.000000, 0.000000, 1456676863, 1456676863
03-12-2020 09:30:02.198, 330910073918, 901.984375, 471.802433, 53.988262, 0xd84402005300031356d31fff, 0x0313, Serial Number, 0.000000, 0.000000, 0.000000, 1456676863, 1456676863
03-12-2020 09:39:42.792, 388978288331, 902.101562, 470.882537, 60.007176, 0xfb7382199024ea7003fac7e6, 0xea70, Check-in, 2.443846, 91.651405, 1.553368, 66766822, 66766822
03-12-2020 09:39:44.311, 389130176355, 903.976562, 472.718946, 61.352994, 0x10a192155970244632574db3, 0x2446, Check-in, 2.176027, 8.115511, 19.664301, 844582323, 844582323
03-12-2020 09:39:45.946, 389291632877, 902.101562, 471.802433, 60.054837, 0x10a192155970244632574db3, 0x2446, Check-in, 2.176027, 8.115511, 19.664301, 844582323, 844582323
03-12-2020 09:39:47.457, 389433737100, 900.597656, 471.802433, 52.888237, 0x44c5a20292ca1a2702838e90, 0x1a27, Serial Number, 0.000000, 0.000000, 0.000000, 42176144, 42176144
03-12-2020 09:39:48.923, 389584346786, 902.316406, 470.882537, 64.883893, 0x44c5a20292ca1a2702838e90, 0x1a27, Serial Number, 0.000000, 0.000000, 0.000000, 42176144, 42176144
03-12-2020 09:39:50.431, 389733893348, 904.113281, 472.718946, 56.192766, 0x8d82b242c3e068a045557dd6, 0x68a0, Radio Test, 1.784831, 0.000000, 0.000000, 1163230678, 1163230678
03-12-2020 09:39:52.111, 389881250649, 902.492188, 471.340300, 55.727770, 0x8d82b242c3e068a045557dd6, 0x68a0, Radio Test, 1.784831, 0.000000, 0.000000, 1163230678, 1163230678
03-12-2020 09:39:53.484, 390037946991, 900.617188, 471.802433, 49.186124, 0xa99cc22c1320c2404eccc1e9, 0xc240, Motion Alert, 1.637629, 0.000000, 0.000000, 1322041833, 1322041833
03-12-2020 09:39:58.438, 390486859259, 902.121094, 471.802433, 63.477981, 0x60f1d2aa091a7851a314c5f2, 0x7851, Set Tag ID, 1.512857, 0.000000, 0.000000, 2736047602, 2736047602
03-12-2020 09:39:59.606, 390640316149, 903.781250, 470.882537, 71.164389, 0xa285e20800718a1a777198e7, 0x8a1a, Serial Number, 0.000000, 0.000000, 0.000000, 2003933415, 2003933415
03-12-2020 09:40:02.609, 390945198411, 900.558594, 471.802433, 61.600734, 0x74e6f2f08a12017361146e18, 0x0173, Error, 1.312810, 0.000000, 0.000000, 1628728856, 1628728856
03-12-2020 09:40:04.381, 391129251351, 902.375000, 471.340300, 60.874786, 0x74e6f2f08a12017361146e18, 0x0173, Error, 1.312810, 0.000000, 0.000000, 1628728856, 1628728856
03-12-2020 09:40:05.700, 391269432224, 903.527344, 471.802433, 55.257437, 0xdf9d823c7c40bc4040bc7d11, 0xbc40, Motion Muted, 2.443846, 0.000000, 0.000000, 1086094609, 1086094609
03-12-2020 09:40:08.479, 391543160104, 904.113281, 471.802433, 55.862791, 0x1291929130d454348a11ce38, 0x5434, Serial Number, 0.000000, 0.000000, 0.000000, 2316422712, 2316422712
03-12-2020 09:40:11.824, 391863574765, 900.597656, 471.802433, 54.937072, 0xfedaa2011090d09090d4908a, 0xd090, Serial Number, 0.000000, 0.000000, 0.000000, 2429849738, 2429849738
03-12-2020 09:40:13.951, 392004227135, 899.210938, 471.802433, 50.789881, 0xfedaa2011090d09090d4908a, 0xd090, Serial Number, 0.000000, 0.000000, 0.000000, 2429849738, 2429849738
03-12-2020 09:40:16.363, 392302864984, 902.648438, 472.261987, 52.379776, 0xc425b2c92082c4188a0f1e57, 0xc418, Serial Number, 1.784831, 0.000000, 0.000000, 2316246615, 2316246615
03-12-2020 09:40:17.807, 392468030488, 903.605469, 471.340300, 56.456599, 0x3ccac20770828b34b34b38c3, 0x8b34, Serial Number, 0.000000, 0.000000, 0.000000, 3008051395, 3008051395
03-12-2020 09:40:19.479, 392625593990, 902.160156, 471.802433, 66.662796, 0x3ccac20770828b34b34b38c3, 0x8b34, Serial Number, 0.000000, 0.000000, 0.000000, 3008051395, 3008051395
03-12-2020 09:40:20.907, 392776130298, 900.617188, 471.802433, 51.769763, 0x2915d28d38c3ca39ea08a66f, 0xca39, Serial Number, 0.000000, 0.000000, 0.000000, 3926435439, 3926435439
03-12-2020 09:40:22.269, 392910138225, 902.003906, 471.802433, 56.382636, 0x2915d28d38c3ca39ea08a66f, 0xca39, Serial Number, 0.000000, 0.000000, 0.000000, 3926435439, 3926435439
03-12-2020 09:40:23.841, 393068670426, 903.566406, 471.340300, 55.066372, 0x21f7e2000030b2c68a404043, 0xb2c6, Serial Number, 0.000000, 0.000000, 0.000000, 2319466563, 2319466563
03-12-2020 09:40:25.349, 393228150335, 905.285156, 470.882537, 59.439488, 0x21f7e2000030b2c68a404043, 0xb2c6, Serial Number, 0.000000, 0.000000, 0.000000, 2319466563, 2319466563
03-12-2020 09:40:27.245, 393384323282, 904.113281, 471.340300, 55.887200, 0xab36f29d34bf8a1ccb03b681, 0x8a1c, Serial Number, 0.000000, 0.000000, 0.000000, 3406018177, 3406018177
03-12-2020 09:40:28.612, 393545139782, 902.140625, 471.802433, 64.123804, 0xab36f29d34bf8a1ccb03b681, 0x8a1c, Serial Number, 0.000000, 0.000000, 0.000000, 3406018177, 3406018177
03-12-2020 09:40:30.171, 393692825663, 903.800781, 471.340300, 73.604549, 0xf8c8820099050001c0008401, 0x0001, Serial Number, 0.000000, 0.000000, 0.000000, 3221259265, 3221259265
03-12-2020 09:40:31.445, 393832935673, 902.160156, 471.802433, 66.645394, 0xf8c8820099050001c0008401, 0x0001, Serial Number, 0.000000, 0.000000, 0.000000, 3221259265, 3221259265
03-12-2020 09:40:34.422, 394123560996, 902.355469, 471.340300, 63.483937, 0xfea09212b804ae48cb4106ac, 0xae48, Check-in, 2.176027, -40.439079, 79.397270, 3410036396, 3410036396
03-12-2020 09:40:35.943, 394287257576, 903.742188, 470.882537, 66.698229, 0xf42da2170090d3000090008b, 0xd300, Check-in, 1.961111, -44.628826, 0.219730, 9437323, 9437323
03-12-2020 09:40:37.726, 394459469016, 902.179688, 470.882537, 70.158046, 0xf42da2170090d3000090008b, 0xd300, Check-in, 1.961111, -44.628826, 0.219730, 9437323, 9437323
03-12-2020 09:40:40.512, 394732555866, 902.296875, 471.340300, 69.158356, 0x3bbfb280c8002ec8ebc300b0, 0x2ec8, Serial Number, 0.000000, 0.000000, 0.000000, 3955425456, 3955425456
03-12-2020 09:40:45.176, 395214655930, 900.578125, 471.340300, 61.343931, 0x8fb6d23820898000494251e3, 0x8000, Motion Muted, 1.512857, 0.000000, 0.000000, 1229083107, 1229083107
03-12-2020 09:40:46.591, 395356629900, 902.531250, 470.882537, 56.022069, 0x8fb6d23820898000494251e3, 0x8000, Motion Muted, 1.512857, 0.000000, 0.000000, 1229083107, 1229083107
03-12-2020 09:40:49.575, 395644266022, 905.304688, 471.340300, 57.598131, 0xa461e200062144fe000083c0, 0x44fe, Serial Number, 0.000000, 0.000000, 0.000000, 33728, 33728
03-12-2020 09:40:51.153, 395795727100, 903.917969, 470.882537, 61.920740, 0x58b7f21268012e484c420200, 0x2e48, Check-in, 1.312810, -43.632793, 29.788662, 1279394304, 1279394304
03-12-2020 09:40:52.785, 395962643340, 899.152344, 471.802433, 48.098161, 0x58b7f21268012e484c420200, 0x2e48, Check-in, 1.312810, -43.632793, 29.788662, 1279394304, 1279394304
03-12-2020 09:40:54.253, 396115471494, 900.617188, 471.340300, 53.638223, 0xee92822410f632db13f848e8, 0x32db, Motion Alert, 2.443846, 0.000000, 0.000000, 335038696, 335038696
03-12-2020 09:40:55.555, 396252722923, 899.191406, 471.340300, 51.005845, 0xee92822410f632db13f848e8, 0x32db, Motion Alert, 2.443846, 0.000000, 0.000000, 335038696, 335038696
03-12-2020 09:40:57.133, 396397032578, 900.636719, 471.340300, 49.831464, 0xd89d9200e4f280da0a025218, 0x80da, Serial Number, 0.000000, 0.000000, 0.000000, 167924248, 167924248
03-12-2020 09:40:58.537, 396548421908, 902.023438, 471.802433, 56.788124, 0xd89d9200e4f280da0a025218, 0x80da, Serial Number, 0.000000, 0.000000, 0.000000, 167924248, 167924248
03-12-2020 09:41:01.625, 396853105973, 902.511719, 471.802433, 54.543836, 0x9c1aa24821e1455d6fc00122, 0x455d, Radio Test, 1.961111, 0.000000, 0.000000, 1874854178, 1874854178
03-12-2020 09:41:04.889, 397169538228, 899.132812, 472.261987, 45.512595, 0xa9bab20a3a0e4720ec02522b, 0x4720, Serial Number, 0.000000, 0.000000, 0.000000, 3959575083, 3959575083
03-12-2020 09:41:07.712, 397469029735, 905.324219, 471.802433, 54.357513, 0xdde0c20a38006802083d1ea3, 0x6802, Serial Number, 0.000000, 0.000000, 0.000000, 138223267, 138223267
03-12-2020 09:41:09.131, 397607666930, 903.742188, 472.261987, 66.782346, 0x3dfcd29c134156a88d03023d, 0x56a8, Serial Number, 0.000000, 0.000000, 0.000000, 2365784637, 2365784637
03-12-2020 09:41:12.592, 397942484319, 903.917969, 471.802433, 62.591218, 0xf1c2e2c4c0c26cbc55caf7bc, 0x6cbc, Serial Number, 1.405752, 0.000000, 0.000000, 1439365052, 1439365052
03-12-2020 09:41:13.651, 398061798361, 913.781250, 471.802433, 51.425279, 0xf1c2e2c4c0c26cbc55caf7bc, 0x6cbc, Serial Number, 1.405752, 0.000000, 0.000000, 1439365052, 1439365052
03-12-2020 09:41:15.428, 398229212380, 903.917969, 471.802433, 62.471854, 0xcf9ef2e30e1fcfd2d306d251, 0xcfd2, Serial Number, 0.000000, 0.000000, 0.000000, 3540439633, 3540439633
03-12-2020 09:41:16.863, 398380069078, 899.113281, 472.261987, 43.745786, 0xcf9ef2e30e1fcfd2d306d251, 0xcfd2, Serial Number, 0.000000, 0.000000, 0.000000, 3540439633, 3540439633
03-12-2020 09:41:21.718, 398857352532, 903.820312, 471.802433, 73.610355, 0x594692f4d76df7e2490d9a6a, 0xf7e2, Error, 2.176027, 0.000000, 0.000000, 1225628266, 1225628266
03-12-2020 09:41:22.819, 398979464927, 905.343750, 471.802433, 51.533384, 0x594692f4d76df7e2490d9a6a, 0xf7e2, Error, 2.176027, 0.000000, 0.000000, 1225628266, 1225628266
03-12-2020 09:41:26.767, 399301165016, 902.179688, 470.882537, 70.514700, 0x30eea2444d554ede65e6666e, 0x4ede, Radio Test, 1.961111, 0.000000, 0.000000, 1709598318, 1709598318
03-12-2020 09:41:38.128, 400508811662, 902.160156, 471.802433, 66.664243, 0x0929e200000000e87070e8f1, 0x00e8, Serial Number, 0.000000, 0.000000, 0.000000, 1886447857, 1886447857
03-12-2020 09:41:48.741, 401571136132, 903.898438, 471.802433, 66.692247, 0x2f8c2222203060c18305cb96, 0x60c1, Motion Alert, 9.344118, 0.000000, 0.000000, 2198195094, 2198195094
03-12-2020 09:41:53.432, 402036300270, 902.179688, 471.340300, 69.545240, 0xcefd324c002c58b162c58b16, 0x58b1, Radio Test, 6.354000, 0.000000, 0.000000, 1657113366, 1657113366
03-12-2020 09:42:00.732, 402763270574, 909.269531, 473.639028, 46.170852, 0xb5df7c40040f00001817040f, 0x0000, Radio Test, 2.562097, 0.000000, 0.000000, 404161551, 404161551
03-12-2020 09:42:02.915, 402969717548, 909.269531, 473.639028, 46.935790, 0xb5df7c40040f00001817040f, 0x0000, Radio Test, 2.562097, 0.000000, 0.000000, 404161551, 404161551
03-12-2020 09:42:13.879, 404083161649, 909.289062, 473.639028, 44.956209, 0x29d97c400410000018170410, 0x0000, Radio Test, 2.562097, 0.000000, 0.000000, 404161552, 404161552
03-12-2020 09:42:22.368, 404932388528, 909.308594, 473.639028, 47.779806, 0x24937c400411000018170411, 0x0000, Radio Test, 2.562097, 0.000000, 0.000000, 404161553, 404161553
03-12-2020 09:42:24.631, 405141150545, 909.308594, 473.639028, 48.295306, 0x24937c400411000018170411, 0x0000, Radio Test, 2.562097, 0.000000, 0.000000, 404161553, 404161553
03-12-2020 09:42:26.782, 405355565343, 909.308594, 473.639028, 48.116371, 0x334d7c400412000018170412, 0x0000, Radio Test, 2.562097, 0.000000, 0.000000, 404161554, 404161554
03-12-2020 09:42:28.825, 405583143695, 909.308594, 473.639028, 47.277937, 0x334d7c400412000018170412, 0x0000, Radio Test, 2.562097, 0.000000, 0.000000, 404161554, 404161554
03-12-2020 09:43:57.629, 414460656357, 908.839844, 473.639028, 58.711764, 0x591d7c40041a00001817041a, 0x0000, Radio Test, 2.562097, 0.000000, 0.000000, 404161562, 404161562
03-12-2020 09:44:08.220, 415511133590, 908.878906, 473.639028, 58.128186, 0x54577c40041b00001817041b, 0x0000, Radio Test, 2.562097, 0.000000, 0.000000, 404161563, 404161563
03-12-2020 09:44:27.934, 417471026140, 909.015625, 473.639028, 65.979210, 0x7beb7c40041d00001817041d, 0x0000, Radio Test, 2.562097, 0.000000, 0.000000, 404161565, 404161565
03-12-2020 09:44:36.535, 418336416258, 908.546875, 473.639028, 56.521957, 0x6c357c40041e00001817041e, 0x0000, Radio Test, 2.562097, 0.000000, 0.000000, 404161566, 404161566
03-12-2020 09:44:38.489, 418537041652, 908.410156, 473.639028, 73.127435, 0x6c357c40041e00001817041e, 0x0000, Radio Test, 2.562097, 0.000000, 0.000000, 404161566, 404161566
03-12-2020 09:44:44.972, 419189062716, 908.585938, 473.639028, 73.337792, 0x6c357c40041e00001817041e, 0x0000, Radio Test, 2.562097, 0.000000, 0.000000, 404161566, 404161566
03-12-2020 09:44:49.169, 419595836724, 913.742188, 473.639028, 60.401521, 0xa53281400427000018170427, 0x0000, Radio Test, 2.462791, 0.000000, 0.000000, 404161575, 404161575
03-12-2020 09:44:51.420, 419822807018, 910.089844, 473.639028, 51.282637, 0x617f7c40041f00001817041f, 0x0000, Radio Test, 2.562097, 0.000000, 0.000000, 404161567, 404161567
03-12-2020 09:44:55.474, 420246869395, 913.664062, 473.639028, 55.893233, 0xed9481400428000018170428, 0x0000, Radio Test, 2.462791, 0.000000, 0.000000, 404161576, 404161576
03-12-2020 09:44:57.624, 420454797444, 913.644531, 473.639028, 63.434547, 0xed9481400428000018170428, 0x0000, Radio Test, 2.462791, 0.000000, 0.000000, 404161576, 404161576
03-12-2020 09:44:59.879, 420683359139, 913.644531, 473.639028, 64.285051, 0xed9481400428000018170428, 0x0000, Radio Test, 2.462791, 0.000000, 0.000000, 404161576, 404161576
03-12-2020 09:45:03.957, 421086512165, 913.878906, 473.639028, 50.904474, 0xe0de81400429000018170429, 0x0000, Radio Test, 2.462791, 0.000000, 0.000000, 404161577, 404161577
03-12-2020 09:45:06.152, 421311795451, 913.683594, 473.639028, 65.698809, 0xe0de81400429000018170429, 0x0000, Radio Test, 2.462791, 0.000000, 0.000000, 404161577, 404161577
03-12-2020 09:45:08.163, 421512162841, 913.683594, 473.639028, 49.682616, 0xe0de81400429000018170429, 0x0000, Radio Test, 2.462791, 0.000000, 0.000000, 404161577, 404161577
03-12-2020 09:45:12.874, 421968379362, 913.761719, 473.639028, 60.665182, 0xf7008140042a00001817042a, 0x0000, Radio Test, 2.462791, 0.000000, 0.000000, 404161578, 404161578
03-12-2020 09:45:14.809, 422175356956, 913.781250, 473.180289, 58.236343, 0xf7008140042a00001817042a, 0x0000, Radio Test, 2.462791, 0.000000, 0.000000, 404161578, 404161578
03-12-2020 09:45:16.788, 422371956567, 913.781250, 473.180289, 53.549291, 0xf7008140042a00001817042a, 0x0000, Radio Test, 2.462791, 0.000000, 0.000000, 404161578, 404161578
03-12-2020 09:45:18.814, 422574195706, 913.820312, 473.639028, 55.482618, 0xf7008140042a00001817042a, 0x0000, Radio Test, 2.462791, 0.000000, 0.000000, 404161578, 404161578
03-12-2020 09:45:21.375, 422824423236, 913.859375, 472.718946, 58.192941, 0xf7008140042a00001817042a, 0x0000, Radio Test, 2.462791, 0.000000, 0.000000, 404161578, 404161578
03-12-2020 09:45:23.146, 423003575884, 913.800781, 473.639028, 54.979076, 0xfa4a8140042b00001817042b, 0x0000, Radio Test, 2.462791, 0.000000, 0.000000, 404161579, 404161579
03-12-2020 09:45:27.655, 423455986156, 913.566406, 473.639028, 62.332785, 0xfa4a8140042b00001817042b, 0x0000, Radio Test, 2.462791, 0.000000, 0.000000, 404161579, 404161579
03-12-2020 09:45:31.539, 423852954805, 913.605469, 473.639028, 64.790710, 0xfa4a8140042b00001817042b, 0x0000, Radio Test, 2.462791, 0.000000, 0.000000, 404161579, 404161579
03-12-2020 09:45:33.833, 424074479782, 913.585938, 473.180289, 56.262411, 0xd8bc8140042c00001817042c, 0x0000, Radio Test, 2.462791, 0.000000, 0.000000, 404161580, 404161580
03-12-2020 09:45:35.926, 424292268638, 913.625000, 472.261987, 63.824090, 0xd8bc8140042c00001817042c, 0x0000, Radio Test, 2.462791, 0.000000, 0.000000, 404161580, 404161580
03-12-2020 09:45:38.104, 424507161611, 913.664062, 473.180289, 64.854549, 0xd8bc8140042c00001817042c, 0x0000, Radio Test, 2.462791, 0.000000, 0.000000, 404161580, 404161580
03-12-2020 09:45:40.804, 424703258409, 913.644531, 473.639028, 47.102009, 0xd8bc8140042c00001817042c, 0x0000, Radio Test, 2.462791, 0.000000, 0.000000, 404161580, 404161580
03-12-2020 09:45:42.522, 424943103070, 913.605469, 473.639028, 62.858011, 0xd8bc8140042c00001817042c, 0x0000, Radio Test, 2.462791, 0.000000, 0.000000, 404161580, 404161580
03-12-2020 09:45:48.941, 425588361778, 913.429688, 473.639028, 64.388715, 0xd5f68140042d00001817042d, 0x0000, Radio Test, 2.462791, 0.000000, 0.000000, 404161581, 404161581
03-12-2020 09:46:21.950, 428893976916, 910.675781, 473.639028, 53.453055, 0xb6cc7c400427000018170427, 0x0000, Radio Test, 2.562097, 0.000000, 0.000000, 404161575, 404161575
03-12-2020 09:46:27.955, 429497372675, 910.792969, 473.639028, 52.691214, 0xfe6a7c400428000018170428, 0x0000, Radio Test, 2.562097, 0.000000, 0.000000, 404161576, 404161576
03-12-2020 09:46:30.366, 429729297922, 910.812500, 473.639028, 52.892266, 0xfe6a7c400428000018170428, 0x0000, Radio Test, 2.562097, 0.000000, 0.000000, 404161576, 404161576
03-12-2020 09:46:31.434, 429834662373, 913.449219, 473.639028, 48.537463, 0x5e2e81400431000018170431, 0x0000, Radio Test, 2.462791, 0.000000, 0.000000, 404161585, 404161585
03-12-2020 09:46:45.468, 431236817853, 910.753906, 473.639028, 52.189528, 0xe4fe7c40042a00001817042a, 0x0000, Radio Test, 2.562097, 0.000000, 0.000000, 404161578, 404161578
03-12-2020 09:46:51.703, 431867460340, 910.812500, 473.639028, 58.349244, 0xe4fe7c40042a00001817042a, 0x0000, Radio Test, 2.562097, 0.000000, 0.000000, 404161578, 404161578
03-12-2020 09:46:56.133, 432312408673, 910.851562, 473.639028, 61.376499, 0xe9b47c40042b00001817042b, 0x0000, Radio Test, 2.562097, 0.000000, 0.000000, 404161579, 404161579
03-12-2020 09:47:04.653, 433164813593, 910.773438, 473.639028, 64.714448, 0xe9b47c40042b00001817042b, 0x0000, Radio Test, 2.562097, 0.000000, 0.000000, 404161579, 404161579
03-12-2020 09:47:06.999, 433392307754, 910.734375, 473.639028, 54.907045, 0xcb427c40042c00001817042c, 0x0000, Radio Test, 2.562097, 0.000000, 0.000000, 404161580, 404161580
03-12-2020 09:47:09.199, 433611723191, 910.773438, 473.639028, 63.599281, 0xcb427c40042c00001817042c, 0x0000, Radio Test, 2.562097, 0.000000, 0.000000, 404161580, 404161580
03-12-2020 09:47:11.411, 433833417907, 910.792969, 473.639028, 56.604424, 0xcb427c40042c00001817042c, 0x0000, Radio Test, 2.562097, 0.000000, 0.000000, 404161580, 404161580
03-12-2020 09:47:19.732, 434663194632, 910.304688, 473.639028, 66.918806, 0xc6087c40042d00001817042d, 0x0000, Radio Test, 2.562097, 0.000000, 0.000000, 404161581, 404161581
03-12-2020 09:47:22.239, 434893835197, 910.500000, 473.639028, 55.432783, 0xc6087c40042d00001817042d, 0x0000, Radio Test, 2.562097, 0.000000, 0.000000, 404161581, 404161581
03-12-2020 09:47:30.914, 435773965528, 910.617188, 473.639028, 57.025821, 0xd1d67c40042e00001817042e, 0x0000, Radio Test, 2.562097, 0.000000, 0.000000, 404161582, 404161582
03-12-2020 09:47:32.656, 435958131264, 910.636719, 473.639028, 59.454779, 0xd1d67c40042e00001817042e, 0x0000, Radio Test, 2.562097, 0.000000, 0.000000, 404161582, 404161582
03-12-2020 09:47:36.864, 436379567184, 910.695312, 473.639028, 54.600287, 0xd1d67c40042e00001817042e, 0x0000, Radio Test, 2.562097, 0.000000, 0.000000, 404161582, 404161582
03-12-2020 09:47:39.259, 436613280667, 910.656250, 473.639028, 53.197308, 0xdc9c7c40042f00001817042f, 0x0000, Radio Test, 2.562097, 0.000000, 0.000000, 404161583, 404161583
03-12-2020 09:47:41.459, 436833183897, 910.695312, 473.639028, 54.213491, 0xdc9c7c40042f00001817042f, 0x0000, Radio Test, 2.562097, 0.000000, 0.000000, 404161583, 404161583
03-12-2020 09:47:48.658, 437487694108, 910.695312, 473.639028, 49.573339, 0xdc9c7c40042f00001817042f, 0x0000, Radio Test, 2.562097, 0.000000, 0.000000, 404161583, 404161583
03-12-2020 09:47:49.897, 437676780070, 910.675781, 473.639028, 57.310196, 0x409a7c400430000018170430, 0x0000, Radio Test, 2.562097, 0.000000, 0.000000, 404161584, 404161584
03-12-2020 09:48:18.250, 440508697085, 910.519531, 473.639028, 50.942605, 0x5a0e7c400432000018170432, 0x0000, Radio Test, 2.562097, 0.000000, 0.000000, 404161586, 404161586
03-12-2020 09:48:19.995, 440697178456, 910.519531, 473.639028, 47.062345, 0x5a0e7c400432000018170432, 0x0000, Radio Test, 2.562097, 0.000000, 0.000000, 404161586, 404161586
03-12-2020 09:49:28.381, 447498973670, 903.566406, 471.802433, 55.476890, 0x5b4f02005300033916fc47ff, 0x0339, Serial Number, 0.000000, 0.000000, 0.000000, 385632255, 385632255
03-12-2020 09:49:29.310, 447625747432, 902.062500, 471.802433, 58.133285, 0x5b4f02005300033916fc47ff, 0x0339, Serial Number, 0.000000, 0.000000, 0.000000, 385632255, 385632255
03-12-2020 09:59:02.752, 504965088928, 903.722656, 472.718946, 62.310676, 0x004a02005300032a279867ff, 0x032a, Serial Number, 0.000000, 0.000000, 0.000000, 664299519, 664299519
03-12-2020 09:59:04.283, 505117041394, 901.964844, 472.718946, 55.214436, 0x004a02005300032a279867ff, 0x032a, Serial Number, 0.000000, 0.000000, 0.000000, 664299519, 664299519
03-12-2020 10:18:26.386, 621319618114, 905.324219, 472.261987, 50.520219, 0x8c9502005300033547f14fff, 0x0335, Serial Number, 0.000000, 0.000000, 0.000000, 1206996991, 1206996991
03-12-2020 10:19:58.882, 630587431623, 906.222656, 473.639028, 71.407328, 0x5ede0e00520003a34634afff, 0x03a3, Serial Number, 0.000000, 0.000000, 0.000000, 1177858047, 1177858047
03-12-2020 10:25:09.207, 661622035875, 909.015625, 473.639028, 46.652464, 0xbfb57c4004ff0000181704ff, 0x0000, Radio Test, 2.562097, 0.000000, 0.000000, 404161791, 404161791
03-12-2020 10:28:13.590, 679988314027, 904.093750, 471.802433, 54.496895, 0x157502005300033357fe17ff, 0x0333, Serial Number, 0.000000, 0.000000, 0.000000, 1476270079, 1476270079
03-12-2020 10:28:46.992, 683393345196, 907.101562, 473.639028, 44.444922, 0xf4197c400513000018170513, 0x0000, Radio Test, 2.562097, 0.000000, 0.000000, 404161811, 404161811
03-12-2020 10:29:08.843, 685576590876, 907.101562, 473.639028, 44.951128, 0xdba57c400515000018170515, 0x0000, Radio Test, 2.562097, 0.000000, 0.000000, 404161813, 404161813
03-12-2020 10:29:21.493, 686844785743, 907.101562, 473.639028, 45.427540, 0xc1317c400517000018170517, 0x0000, Radio Test, 2.562097, 0.000000, 0.000000, 404161815, 404161815
03-12-2020 10:29:23.628, 687064736339, 907.101562, 473.639028, 45.383950, 0xc1317c400517000018170517, 0x0000, Radio Test, 2.562097, 0.000000, 0.000000, 404161815, 404161815
03-12-2020 10:37:46.465, 737326481643, 900.460938, 471.802433, 53.996226, 0xfb7382199024ea7003fac7e6, 0xea70, Check-in, 2.443846, 91.651405, 1.553368, 66766822, 66766822
03-12-2020 10:37:47.782, 737473404308, 902.160156, 471.802433, 60.173451, 0xfb7382199024ea7003fac7e6, 0xea70, Check-in, 2.443846, 91.651405, 1.553368, 66766822, 66766822
03-12-2020 10:37:50.766, 737755815024, 902.453125, 470.882537, 61.233412, 0x10a192155970244632574db3, 0x2446, Check-in, 2.176027, 8.115511, 19.664301, 844582323, 844582323
03-12-2020 10:37:53.703, 738062666723, 902.257812, 471.802433, 68.201198, 0x44c5a20292ca1a2702838e90, 0x1a27, Serial Number, 0.000000, 0.000000, 0.000000, 42176144, 42176144
03-12-2020 10:37:55.175, 738208128350, 903.625000, 471.802433, 55.741745, 0x8d82b242c3e068a045557dd6, 0x68a0, Radio Test, 1.784831, 0.000000, 0.000000, 1163230678, 1163230678
03-12-2020 10:37:58.555, 738489497804, 903.781250, 471.802433, 63.427108, 0xa99cc22c1320c2404eccc1e9, 0xc240, Motion Alert, 1.637629, 0.000000, 0.000000, 1322041833, 1322041833
03-12-2020 10:37:59.364, 738634885508, 902.257812, 471.802433, 68.786119, 0xa99cc22c1320c2404eccc1e9, 0xc240, Motion Alert, 1.637629, 0.000000, 0.000000, 1322041833, 1322041833
03-12-2020 10:38:02.451, 738933689786, 901.984375, 471.340300, 54.788740, 0x60f1d2aa091a7851a314c5f2, 0x7851, Set Tag ID, 1.512857, 0.000000, 0.000000, 2736047602, 2736047602
03-12-2020 10:38:03.773, 739064976739, 904.015625, 470.882537, 63.668420, 0xa285e20800718a1a777198e7, 0x8a1a, Serial Number, 0.000000, 0.000000, 0.000000, 2003933415, 2003933415
03-12-2020 10:38:06.753, 739354356856, 903.859375, 470.422204, 71.065563, 0x74e6f2f08a12017361146e18, 0x0173, Error, 1.312810, 0.000000, 0.000000, 1628728856, 1628728856
03-12-2020 10:38:08.751, 739493094629, 902.179688, 470.882537, 60.172326, 0x74e6f2f08a12017361146e18, 0x0173, Error, 1.312810, 0.000000, 0.000000, 1628728856, 1628728856
03-12-2020 10:38:09.488, 739634726720, 904.035156, 471.340300, 60.677722, 0xdf9d823c7c40bc4040bc7d11, 0xbc40, Motion Muted, 2.443846, 0.000000, 0.000000, 1086094609, 1086094609
03-12-2020 10:38:11.565, 739783432440, 902.277344, 470.422204, 71.014831, 0xdf9d823c7c40bc4040bc7d11, 0xbc40, Motion Muted, 2.443846, 0.000000, 0.000000, 1086094609, 1086094609
03-12-2020 10:38:12.685, 739950477429, 904.054688, 471.802433, 59.134024, 0x1291929130d454348a11ce38, 0x5434, Serial Number, 0.000000, 0.000000, 0.000000, 2316422712, 2316422712
03-12-2020 10:38:13.893, 740083610988, 905.128906, 470.882537, 49.938804, 0x1291929130d454348a11ce38, 0x5434, Serial Number, 0.000000, 0.000000, 0.000000, 2316422712, 2316422712
03-12-2020 10:38:16.972, 740385110695, 902.277344, 470.882537, 70.914111, 0xfedaa2011090d09090d4908a, 0xd090, Serial Number, 0.000000, 0.000000, 0.000000, 2429849738, 2429849738
03-12-2020 10:38:19.960, 740682393478, 902.277344, 471.802433, 70.947742, 0xc425b2c92082c4188a0f1e57, 0xc418, Serial Number, 1.784831, 0.000000, 0.000000, 2316246615, 2316246615
03-12-2020 10:38:21.106, 740800431755, 900.285156, 471.802433, 53.787856, 0x3ccac20770828b34b34b38c3, 0x8b34, Serial Number, 0.000000, 0.000000, 0.000000, 3008051395, 3008051395
03-12-2020 10:38:22.857, 740963682996, 902.238281, 471.802433, 66.603168, 0x3ccac20770828b34b34b38c3, 0x8b34, Serial Number, 0.000000, 0.000000, 0.000000, 3008051395, 3008051395
03-12-2020 10:38:25.469, 741231332421, 902.277344, 470.882537, 70.973704, 0x2915d28d38c3ca39ea08a66f, 0xca39, Serial Number, 0.000000, 0.000000, 0.000000, 3926435439, 3926435439
03-12-2020 10:38:29.725, 741668827260, 900.363281, 471.802433, 54.976537, 0xab36f29d34bf8a1ccb03b681, 0x8a1c, Serial Number, 0.000000, 0.000000, 0.000000, 3406018177, 3406018177
03-12-2020 10:38:34.182, 742119051380, 902.296875, 471.802433, 73.601567, 0xf8c8820099050001c0008401, 0x0001, Serial Number, 0.000000, 0.000000, 0.000000, 3221259265, 3221259265
03-12-2020 10:38:38.377, 742533559844, 900.363281, 470.882537, 55.319623, 0xf42da2170090d3000090008b, 0xd300, Check-in, 1.961111, -44.628826, 0.219730, 9437323, 9437323
03-12-2020 10:38:41.252, 742822939867, 904.132812, 470.422204, 56.000559, 0x3bbfb280c8002ec8ebc300b0, 0x2ec8, Serial Number, 0.000000, 0.000000, 0.000000, 3955425456, 3955425456
03-12-2020 10:38:45.875, 743276984614, 902.316406, 471.340300, 73.592845, 0x4597c20078000d804202bf82, 0x0d80, Serial Number, 0.000000, 0.000000, 0.000000, 1107476354, 1107476354
03-12-2020 10:38:48.389, 743538034275, 901.945312, 471.802433, 51.334567, 0x8fb6d23820898000494251e3, 0x8000, Motion Muted, 1.512857, 0.000000, 0.000000, 1229083107, 1229083107
03-12-2020 10:38:49.913, 743685849394, 900.343750, 471.802433, 57.349099, 0xa461e200062144fe000083c0, 0x44fe, Serial Number, 0.000000, 0.000000, 0.000000, 33728, 33728
03-12-2020 10:38:51.433, 743836484346, 902.492188, 470.882537, 58.383954, 0xa461e200062144fe000083c0, 0x44fe, Serial Number, 0.000000, 0.000000, 0.000000, 33728, 33728
03-12-2020 10:38:53.548, 743997556226, 903.859375, 470.882537, 71.097232, 0x58b7f21268012e484c420200, 0x2e48, Check-in, 1.312810, -43.632793, 29.788662, 1279394304, 1279394304
03-12-2020 10:38:54.310, 744127279201, 905.050781, 471.802433, 56.469967, 0x58b7f21268012e484c420200, 0x2e48, Check-in, 1.312810, -43.632793, 29.788662, 1279394304, 1279394304
03-12-2020 10:38:55.789, 744278016815, 903.917969, 470.882537, 73.587646, 0xee92822410f632db13f848e8, 0x32db, Motion Alert, 2.443846, 0.000000, 0.000000, 335038696, 335038696
03-12-2020 10:38:57.196, 744398351394, 905.070312, 471.802433, 51.304666, 0xee92822410f632db13f848e8, 0x32db, Motion Alert, 2.443846, 0.000000, 0.000000, 335038696, 335038696
03-12-2020 10:39:01.596, 744859303349, 900.265625, 471.802433, 59.357078, 0x9c1aa24821e1455d6fc00122, 0x455d, Radio Test, 1.961111, 0.000000, 0.000000, 1874854178, 1874854178
03-12-2020 10:39:02.916, 744984489350, 902.492188, 471.340300, 60.649089, 0x9c1aa24821e1455d6fc00122, 0x455d, Radio Test, 1.961111, 0.000000, 0.000000, 1874854178, 1874854178
03-12-2020 10:39:04.434, 745139437608, 904.113281, 471.340300, 56.683208, 0xa9bab20a3a0e4720ec02522b, 0x4720, Serial Number, 0.000000, 0.000000, 0.000000, 3959575083, 3959575083
03-12-2020 10:39:05.946, 745277328341, 902.160156, 471.802433, 58.744466, 0xa9bab20a3a0e4720ec02522b, 0x4720, Serial Number, 0.000000, 0.000000, 0.000000, 3959575083, 3959575083
03-12-2020 10:39:07.459, 745425721508, 903.917969, 471.340300, 73.622526, 0xdde0c20a38006802083d1ea3, 0x6802, Serial Number, 0.000000, 0.000000, 0.000000, 138223267, 138223267
03-12-2020 10:39:10.147, 745705407058, 903.800781, 470.422204, 63.346241, 0x3dfcd29c134156a88d03023d, 0x56a8, Serial Number, 0.000000, 0.000000, 0.000000, 2365784637, 2365784637
03-12-2020 10:39:11.954, 745881512725, 902.121094, 471.340300, 56.658727, 0x3dfcd29c134156a88d03023d, 0x56a8, Serial Number, 0.000000, 0.000000, 0.000000, 2365784637, 2365784637
03-12-2020 10:39:14.503, 746138914241, 902.394531, 472.718946, 66.532554, 0xf1c2e2c4c0c26cbc55caf7bc, 0x6cbc, Serial Number, 1.405752, 0.000000, 0.000000, 1439365052, 1439365052
03-12-2020 10:39:17.486, 746430419360, 905.031250, 470.882537, 58.156058, 0xcf9ef2e30e1fcfd2d306d251, 0xcfd2, Serial Number, 0.000000, 0.000000, 0.000000, 3540439633, 3540439633
03-12-2020 10:39:18.961, 746588230562, 900.343750, 470.422204, 54.104402, 0x37e98235d74d33d33cf3cb3c, 0x33d3, Motion Muted, 2.443846, 0.000000, 0.000000, 1022610236, 1022610236
03-12-2020 10:39:20.473, 746728397957, 899.562500, 471.802433, 43.214390, 0x37e98235d74d33d33cf3cb3c, 0x33d3, Motion Muted, 2.443846, 0.000000, 0.000000, 1022610236, 1022610236
03-12-2020 10:39:23.399, 747019788711, 902.511719, 471.802433, 59.646754, 0x594692f4d76df7e2490d9a6a, 0xf7e2, Error, 2.176027, 0.000000, 0.000000, 1225628266, 1225628266
03-12-2020 10:39:24.831, 747167649213, 903.878906, 471.340300, 73.601918, 0x30eea2444d554ede65e6666e, 0x4ede, Radio Test, 1.961111, 0.000000, 0.000000, 1709598318, 1709598318
03-12-2020 10:39:26.196, 747316861565, 902.335938, 470.882537, 73.575624, 0x30eea2444d554ede65e6666e, 0x4ede, Radio Test, 1.961111, 0.000000, 0.000000, 1709598318, 1709598318
03-12-2020 10:39:27.494, 747449528728, 900.441406, 471.802433, 45.629158, 0x9dfbb276e7ef777361116a90, 0x7773, Serial Number, 0.000000, 0.000000, 0.000000, 1628531344, 1628531344
03-12-2020 10:39:30.226, 747724308564, 900.382812, 471.802433, 50.302311, 0xde30c2e0eefe0ffe1ee0ff0f, 0x0ffe, Serial Number, 0.000000, 0.000000, 0.000000, 518061839, 518061839
03-12-2020 10:39:31.949, 747889513101, 902.589844, 471.340300, 56.348202, 0xde30c2e0eefe0ffe1ee0ff0f, 0x0ffe, Serial Number, 0.000000, 0.000000, 0.000000, 518061839, 518061839
03-12-2020 10:39:33.227, 748021208631, 903.820312, 472.718946, 66.184000, 0xfc0bd2f4c27f0680a1524ab8, 0x0680, Error, 1.512857, 0.000000, 0.000000, 2706524856, 2706524856
03-12-2020 10:39:36.511, 748331941455, 904.054688, 471.340300, 61.583508, 0x0929e200000000e87070e8f1, 0x00e8, Serial Number, 0.000000, 0.000000, 0.000000, 1886447857, 1886447857
03-12-2020 10:39:37.562, 748457519582, 902.316406, 471.340300, 73.595411, 0x0929e200000000e87070e8f1, 0x00e8, Serial Number, 0.000000, 0.000000, 0.000000, 1886447857, 1886447857
03-12-2020 10:39:39.332, 748610522363, 900.343750, 471.340300, 56.017405, 0xc51ff2417e0232e44a939b01, 0x32e4, Radio Test, 1.312810, 0.000000, 0.000000, 1251187457, 1251187457
03-12-2020 10:39:40.711, 748761624408, 902.453125, 470.882537, 61.718657, 0xc51ff2417e0232e44a939b01, 0x32e4, Radio Test, 1.312810, 0.000000, 0.000000, 1251187457, 1251187457
03-12-2020 10:39:42.160, 748892421622, 903.859375, 471.340300, 70.815672, 0xf7cf02cae054b56233e78f1c, 0xb562, Serial Number, 158.850006, 0.000000, 0.000000, 870813468, 870813468
03-12-2020 10:39:45.239, 749213054133, 903.859375, 470.882537, 72.156471, 0x129412f7203664c983060c18, 0x64c9, Error, 17.650000, 0.000000, 0.000000, 2198211608, 2198211608
03-12-2020 10:39:46.320, 749327712924, 902.316406, 471.340300, 73.587911, 0x129412f7203664c983060c18, 0x64c9, Error, 17.650000, 0.000000, 0.000000, 2198211608, 2198211608
03-12-2020 10:39:47.677, 749465094557, 900.382812, 471.802433, 54.293440, 0x2f8c2222203060c18305cb96, 0x60c1, Motion Alert, 9.344118, 0.000000, 0.000000, 2198195094, 2198195094
03-12-2020 10:39:49.154, 749615619290, 902.179688, 471.802433, 61.053754, 0x2f8c2222203060c18305cb96, 0x60c1, Motion Alert, 9.344118, 0.000000, 0.000000, 2198195094, 2198195094
03-12-2020 10:39:52.306, 749924827791, 902.316406, 471.340300, 73.596950, 0xcefd324c002c58b162c58b16, 0x58b1, Radio Test, 6.354000, 0.000000, 0.000000, 1657113366, 1657113366
03-12-2020 10:39:53.499, 750034311593, 903.878906, 471.802433, 73.607356, 0x5af842618000000002c58b17, 0x0000, Operation Stopped, 4.813636, 0.000000, 0.000000, 46500631, 46500631
03-12-2020 10:39:55.216, 750191898217, 902.199219, 471.802433, 63.864173, 0x5af842618000000002c58b17, 0x0000, Operation Stopped, 4.813636, 0.000000, 0.000000, 46500631, 46500631
03-12-2020 10:40:17.572, 752400761121, 906.964844, 473.639028, 46.414793, 0x269f7c400553000018170553, 0x0000, Radio Test, 2.562097, 0.000000, 0.000000, 404161875, 404161875
03-12-2020 10:41:03.385, 757024997588, 906.242188, 473.639028, 63.299292, 0xeffa8e0a8652675fb6fb4b16, 0x675f, Serial Number, 0.000000, 0.000000, 0.000000, 3069922070, 3069922070
03-12-2020 10:41:05.573, 757184733286, 904.464844, 473.639028, 60.724971, 0xeffa8e0a8652675fb6fb4b16, 0x675f, Serial Number, 0.000000, 0.000000, 0.000000, 3069922070, 3069922070
03-12-2020 10:41:06.514, 757341577916, 906.183594, 473.639028, 73.419786, 0x4e039e090a50280e515515b0, 0x280e, Serial Number, 0.000000, 0.000000, 0.000000, 1364530608, 1364530608
03-12-2020 10:41:09.198, 757603261562, 906.320312, 473.639028, 60.835399, 0xbb39ae03021ff7c9ebe1ddf4, 0xf7c9, Serial Number, 0.000000, 0.000000, 0.000000, 3957448180, 3957448180
03-12-2020 10:41:10.465, 757736475209, 904.484375, 473.639028, 58.412911, 0xbb39ae03021ff7c9ebe1ddf4, 0xf7c9, Serial Number, 0.000000, 0.000000, 0.000000, 3957448180, 3957448180
03-12-2020 10:41:11.982, 757888880665, 906.281250, 473.639028, 63.815086, 0x922abe58c2b149204113f5d9, 0x4920, Operation Started, 1.672105, 0.000000, 0.000000, 1091827161, 1091827161
03-12-2020 10:41:13.297, 758017367720, 904.660156, 473.639028, 66.498468, 0x922abe58c2b149204113f5d9, 0x4920, Operation Started, 1.672105, 0.000000, 0.000000, 1091827161, 1091827161
03-12-2020 10:41:14.825, 758169774910, 906.046875, 473.639028, 56.855211, 0x7486ce658866f8998ef77780, 0xf899, Operation Stopped, 1.542233, 0.000000, 0.000000, 2398582656, 2398582656
03-12-2020 10:41:16.125, 758305747201, 904.640625, 473.639028, 70.346374, 0x7486ce658866f8998ef77780, 0xf899, Operation Stopped, 1.542233, 0.000000, 0.000000, 2398582656, 2398582656
03-12-2020 10:41:18.851, 758585218815, 904.777344, 473.639028, 55.733199, 0xdf23de099080fe736114c5fe, 0xfe73, Serial Number, 0.000000, 0.000000, 0.000000, 1628751358, 1628751358
03-12-2020 10:41:20.436, 758726336115, 906.242188, 473.639028, 63.836129, 0x5196ee0ccd1480048cd19990, 0x8004, Serial Number, 0.000000, 0.000000, 0.000000, 2362546576, 2362546576
03-12-2020 10:41:22.729, 758893794209, 904.464844, 473.639028, 53.552133, 0x5196ee0ccd1480048cd19990, 0x8004, Serial Number, 0.000000, 0.000000, 0.000000, 2362546576, 2362546576
03-12-2020 10:41:23.267, 759020821795, 906.281250, 473.639028, 60.724245, 0x9f80fe0824b3cb14ca11561d, 0xcb14, Serial Number, 0.000000, 0.000000, 0.000000, 3390133789, 3390133789
03-12-2020 10:41:24.720, 759160598575, 904.660156, 473.639028, 63.334629, 0x9f80fe0824b3cb14ca11561d, 0xcb14, Serial Number, 0.000000, 0.000000, 0.000000, 3390133789, 3390133789
03-12-2020 10:41:26.303, 759320539163, 906.183594, 473.639028, 73.290257, 0x911a8e0333344444442ee382, 0x4444, Serial Number, 0.000000, 0.000000, 0.000000, 1143923586, 1143923586
03-12-2020 10:41:27.356, 759433538510, 904.386719, 473.639028, 53.302770, 0x911a8e0333344444442ee382, 0x4444, Serial Number, 0.000000, 0.000000, 0.000000, 1143923586, 1143923586
03-12-2020 10:41:28.880, 759585943678, 906.027344, 473.639028, 57.045303, 0xda4c9e0920718ab0230ea63a, 0x8ab0, Serial Number, 0.000000, 0.000000, 0.000000, 588162618, 588162618
03-12-2020 10:41:30.344, 759725283961, 904.523438, 473.639028, 59.629282, 0xda4c9e0920718ab0230ea63a, 0x8ab0, Serial Number, 0.000000, 0.000000, 0.000000, 588162618, 588162618
03-12-2020 10:41:34.689, 760149761742, 906.242188, 473.639028, 65.593566, 0xb9f1becd34d34b7e49065e53, 0x4b7e, Serial Number, 1.672105, 0.000000, 0.000000, 1225154131, 1225154131
03-12-2020 10:41:36.154, 760301776382, 904.523438, 473.639028, 58.790101, 0xb9f1becd34d34b7e49065e53, 0x4b7e, Serial Number, 1.672105, 0.000000, 0.000000, 1225154131, 1225154131
03-12-2020 10:41:39.866, 760594500519, 904.679688, 473.639028, 64.282998, 0x43bcce3c6497d824cd147520, 0xd824, Motion Muted, 1.542233, 0.000000, 0.000000, 3440669984, 3440669984
03-12-2020 10:41:41.817, 760865613838, 904.523438, 473.639028, 54.536074, 0xc863dee1096c249434000669, 0x2494, Serial Number, 0.000000, 0.000000, 0.000000, 872416873, 872416873
03-12-2020 10:41:43.426, 761001615545, 906.359375, 473.639028, 53.060989, 0xb384ee002829038000207804, 0x0380, Serial Number, 0.000000, 0.000000, 0.000000, 2127876, 2127876
03-12-2020 10:41:45.846, 761279304188, 906.183594, 473.639028, 73.349214, 0x6865fe1c0207008152000679, 0x0081, Check-in, 1.250787, -40.575264, 32.031738, 1375733369, 1375733369
03-12-2020 10:41:47.527, 761433700532, 904.718750, 473.639028, 52.870582, 0x6865fe1c0207008152000679, 0x0081, Check-in, 1.250787, -40.575264, 32.031738, 1375733369, 1375733369
03-12-2020 10:41:51.783, 761868167838, 906.164062, 473.639028, 69.855409, 0x073f9e800050000082410691, 0x0000, Serial Number, 0.000000, 0.000000, 0.000000, 2185299601, 2185299601
03-12-2020 10:41:53.146, 762005669642, 904.796875, 473.639028, 53.994694, 0x073f9e800050000082410691, 0x0000, Serial Number, 0.000000, 0.000000, 0.000000, 2185299601, 2185299601
03-12-2020 10:41:54.553, 762146409079, 906.242188, 473.639028, 68.046922, 0x34d9ae800006802083c00010, 0x8020, Serial Number, 0.000000, 0.000000, 0.000000, 2210398224, 2210398224
03-12-2020 10:41:57.538, 762436857703, 906.144531, 473.639028, 67.699843, 0x29cabe7816680040518006c1, 0x0040, Serial Number, 0.000000, 0.000000, 0.000000, 1367344833, 1367344833
03-12-2020 10:42:04.364, 763133713198, 904.503906, 473.639028, 61.130065, 0xcfa9debd214817dc93c390b0, 0x17dc, Firmware Version, 1.431081, 0.000000, 0.000000, 2479067312, 2479067312
03-12-2020 10:42:05.885, 763289559397, 905.871094, 473.639028, 54.830154, 0x2e7fee0061861c1022756382, 0x1c10, Serial Number, 0.000000, 0.000000, 0.000000, 578118530, 578118530
03-12-2020 10:42:07.146, 763405044589, 904.621094, 473.639028, 73.395341, 0x2e7fee0061861c1022756382, 0x1c10, Serial Number, 0.000000, 0.000000, 0.000000, 578118530, 578118530
03-12-2020 10:42:08.454, 763544852702, 906.066406, 473.639028, 60.389366, 0xce75fe3d4546175e338671dd, 0x175e, Motion Muted, 1.250787, 0.000000, 0.000000, 864448989, 864448989
03-12-2020 10:42:11.602, 763849962325, 906.261719, 473.639028, 66.663747, 0x37ef8e288e48a5a2eb31cb5d, 0xa5a2, Motion Alert, 2.237324, 0.000000, 0.000000, 3945909085, 3945909085
03-12-2020 10:42:15.526, 764253586843, 904.757812, 473.639028, 59.115856, 0x08b59e1897be84d82210a204, 0x84d8, Check-in, 2.010760, 65.754562, 13.305867, 571515396, 571515396
03-12-2020 10:42:17.158, 764414564418, 906.066406, 473.639028, 58.665902, 0xb4dfae6666666eeeff6ff777, 0x6eee, Operation Stopped, 1.825862, 0.000000, 0.000000, 4285527927, 4285527927
03-12-2020 10:42:18.409, 764542278903, 904.894531, 473.639028, 53.426762, 0xb4dfae6666666eeeff6ff777, 0x6eee, Operation Stopped, 1.825862, 0.000000, 0.000000, 4285527927, 4285527927
03-12-2020 10:42:20.412, 764697198129, 906.339844, 473.639028, 58.815064, 0x58d2bef7f7ff7ffb6112ba2a, 0x7ffb, Error, 1.672105, 0.000000, 0.000000, 1628617258, 1628617258
03-12-2020 10:42:22.806, 764962901019, 906.027344, 473.639028, 56.282198, 0xf910ce7ffff870707ff78707, 0x7070, Serial Number, 0.000000, 0.000000, 0.000000, 2146928391, 2146928391
03-12-2020 10:42:24.347, 765133334339, 904.621094, 473.639028, 73.336895, 0xf910ce7ffff870707ff78707, 0x7070, Serial Number, 0.000000, 0.000000, 0.000000, 2146928391, 2146928391
03-12-2020 10:42:27.686, 765393416201, 904.757812, 473.639028, 60.284821, 0x1ce6de87f87ff87b61137a50, 0xf87b, Serial Number, 0.000000, 0.000000, 0.000000, 1628666448, 1628666448
03-12-2020 10:42:28.636, 765549765545, 906.105469, 473.639028, 61.406794, 0xf0daee7ff8787f807fffff77, 0x7f80, Serial Number, 0.000000, 0.000000, 0.000000, 2147483511, 2147483511
03-12-2020 10:42:29.759, 765667607258, 904.796875, 473.639028, 57.824211, 0xf0daee7ff8787f807fffff77, 0x7f80, Serial Number, 0.000000, 0.000000, 0.000000, 2147483511, 2147483511
03-12-2020 10:42:32.526, 765949320256, 904.894531, 473.639028, 53.399745, 0x8dbcfe66f77f87fb61148275, 0x87fb, Operation Stopped, 1.250787, 0.000000, 0.000000, 1628734069, 1628734069
03-12-2020 10:42:34.894, 766097695698, 906.300781, 473.639028, 63.041461, 0x148e8eff0ff0fff13e30268a, 0xfff1, Error, 2.237324, 0.000000, 0.000000, 1043342986, 1043342986
03-12-2020 10:42:39.703, 766671509538, 906.300781, 473.639028, 63.889792, 0x1880ae006846ee7dd11ce08d, 0xee7d, Serial Number, 0.000000, 0.000000, 0.000000, 3508330637, 3508330637
03-12-2020 10:42:41.176, 766813329987, 904.503906, 473.639028, 59.306317, 0x1880ae006846ee7dd11ce08d, 0xee7d, Serial Number, 0.000000, 0.000000, 0.000000, 3508330637, 3508330637
03-12-2020 10:42:42.480, 766946692542, 906.261719, 473.639028, 68.666472, 0xa8debef9b00fcd3cec1562a8, 0xcd3c, Error, 1.672105, 0.000000, 0.000000, 3960824488, 3960824488
03-12-2020 10:42:44.314, 767112018286, 904.855469, 473.639028, 54.781074, 0xa8debef9b00fcd3cec1562a8, 0xcd3c, Error, 1.672105, 0.000000, 0.000000, 3960824488, 3960824488
03-12-2020 10:42:45.675, 767257110653, 906.359375, 473.639028, 58.859583, 0xed2bce0006084dae53c0ca99, 0x4dae, Serial Number, 0.000000, 0.000000, 0.000000, 1405143705, 1405143705
03-12-2020 10:42:47.826, 767388156574, 904.406250, 473.639028, 54.513050, 0xed2bce0006084dae53c0ca99, 0x4dae, Serial Number, 0.000000, 0.000000, 0.000000, 1405143705, 1405143705
03-12-2020 10:42:48.501, 767532742892, 906.203125, 473.639028, 73.400169, 0xc2f7de796f6f687962558ad6, 0x6879, Serial Number, 0.000000, 0.000000, 0.000000, 1649773270, 1649773270
03-12-2020 10:42:50.979, 767794330224, 906.027344, 473.639028, 57.118907, 0xac9fee000000000000000000, 0x0000, Serial Number, 0.000000, 0.000000, 0.000000, 0, 0
03-12-2020 10:42:53.903, 768076573109, 906.066406, 473.639028, 58.374468, 0xeed8fe0000810bec4a955b01, 0x0bec, Serial Number, 0.000000, 0.000000, 0.000000, 1251302145, 1251302145
03-12-2020 10:42:55.316, 768217941375, 904.640625, 473.639028, 73.181859, 0xeed8fe0000810bec4a955b01, 0x0bec, Serial Number, 0.000000, 0.000000, 0.000000, 1251302145, 1251302145
03-12-2020 10:42:56.951, 768383749342, 906.398438, 473.639028, 57.086227, 0x5b430ecae056b54203c78e1b, 0xb542, Serial Number, 22.692858, 0.000000, 0.000000, 63409691, 63409691
03-12-2020 10:42:58.106, 768498828734, 904.425781, 473.639028, 53.753495, 0x5b430ecae056b54203c78e1b, 0xb542, Serial Number, 22.692858, 0.000000, 0.000000, 63409691, 63409691
03-12-2020 10:42:59.784, 768663688784, 906.046875, 473.639028, 58.701916, 0x01ca1ef7203464c983060c19, 0x64c9, Error, 10.590000, 0.000000, 0.000000, 2198211609, 2198211609
03-12-2020 10:43:02.550, 768947408822, 906.261719, 473.639028, 68.545264, 0xfe242e22203260c172e5cb96, 0x60c1, Motion Alert, 6.906522, 0.000000, 0.000000, 1927662486, 1927662486
03-12-2020 10:43:03.829, 769075174412, 904.777344, 473.639028, 55.905704, 0xfe242e22203260c172e5cb96, 0x60c1, Motion Alert, 6.906522, 0.000000, 0.000000, 1927662486, 1927662486
03-12-2020 10:43:05.272, 769206681777, 906.183594, 473.639028, 71.512811, 0x03c13e4c002c58b172e5cb97, 0x58b1, Radio Test, 5.124194, 0.000000, 0.000000, 1927662487, 1927662487
03-12-2020 10:43:06.696, 769370619523, 904.640625, 473.639028, 73.247194, 0x03c13e4c002c58b172e5cb97, 0x58b1, Radio Test, 5.124194, 0.000000, 0.000000, 1927662487, 1927662487
03-12-2020 13:13:06.294, 10954676709, 906.002, 475.045, 54.4454, 0x6a460e00520004db36d337ff, 0x04db, Serial Number, 0, 0, 0, 919812095, 919812095
03-12-2020 13:13:07.776, 11103904683, 904.166, 475.045, 66.5918, 0x6a460e00520004db36d337ff, 0x04db, Serial Number, 0, 0, 0, 919812095, 919812095
01-01-1970 00:18:35.377, 119556484, 902.312, 471, 49.1523, 0xa461e200062144fe000083c0, 0x44fe, Serial Number, 0, 0, 0, 33728, 33728
01-01-1970 00:18:36.849, 274781306, 903.895, 471.462, 49.1013, 0x58b7f21268012e484c420200, 0x2e48, Check-in, 1.31281, -43.6328, 29.7887, 1279394304, 1279394304
01-01-1970 00:18:38.204, 403984694, 902.312, 471.462, 48.0603, 0x58b7f21268012e484c420200, 0x2e48, Check-in, 1.31281, -43.6328, 29.7887, 1279394304, 1279394304
01-01-1970 00:18:39.879, 570060352, 903.875, 471.924, 48.5867, 0xee92822410f632db13f848e8, 0x32db, Motion Alert, 2.44385, 0, 0, 335038696, 335038696
01-01-1970 00:18:40.994, 689387524, 902.312, 471.924, 49.2204, 0xee92822410f632db13f848e8, 0x32db, Motion Alert, 2.44385, 0, 0, 335038696, 335038696
01-01-1970 00:18:42.562, 843268660, 903.895, 471, 50.1488, 0xd89d9200e4f280da0a025218, 0x80da, Serial Number, 0, 0, 0, 167924248, 167924248
01-01-1970 00:18:44.758, 985699273, 902.312, 471.462, 48.9383, 0xd89d9200e4f280da0a025218, 0x80da, Serial Number, 0, 0, 0, 167924248, 167924248
01-01-1970 00:18:45.399, 1126817569, 903.895, 471, 50.1529, 0x9c1aa24821e1455d6fc00122, 0x455d, Radio Test, 1.96111, 0, 0, 1874854178, 1874854178
01-01-1970 00:18:46.811, 1263601221, 902.312, 471.462, 49.2819, 0x9c1aa24821e1455d6fc00122, 0x455d, Radio Test, 1.96111, 0, 0, 1874854178, 1874854178
01-01-1970 00:18:48.381, 1418407306, 903.875, 471, 48.3195, 0xa9bab20a3a0e4720ec02522b, 0x4720, Serial Number, 0, 0, 0, 3959575083, 3959575083
01-01-1970 00:18:49.694, 1558981093, 902.312, 471.462, 48.6957, 0xa9bab20a3a0e4720ec02522b, 0x4720, Serial Number, 0, 0, 0, 3959575083, 3959575083
01-01-1970 00:18:51.167, 1714730445, 903.895, 471.462, 50.2904, 0xdde0c20a38006802083d1ea3, 0x6802, Serial Number, 0, 0, 0, 138223267, 138223267
01-01-1970 00:18:52.733, 1848219549, 902.312, 471.924, 48.9699, 0xdde0c20a38006802083d1ea3, 0x6802, Serial Number, 0, 0, 0, 138223267, 138223267
01-01-1970 00:18:54.311, 2018641222, 903.895, 471, 50.3872, 0x3dfcd29c134156a88d03023d, 0x56a8, Serial Number, 0, 0, 0, 2365784637, 2365784637
01-01-1970 00:18:55.622, 2142205647, 902.312, 471.462, 48.6541, 0x3dfcd29c134156a88d03023d, 0x56a8, Serial Number, 0, 0, 0, 2365784637, 2365784637
01-01-1970 00:18:56.974, 2282865274, 903.875, 471.462, 47.8232, 0xf1c2e2c4c0c26cbc55caf7bc, 0x6cbc, Serial Number, 1.40575, 0, 0, 1439365052, 1439365052
01-01-1970 00:18:58.660, 2440945717, 902.312, 471, 49.281, 0xf1c2e2c4c0c26cbc55caf7bc, 0x6cbc, Serial Number, 1.40575, 0, 0, 1439365052, 1439365052
01-01-1970 00:18:59.921, 2575881414, 903.895, 471.924, 49.8963, 0xcf9ef2e30e1fcfd2d306d251, 0xcfd2, Serial Number, 0, 0, 0, 3540439633, 3540439633
01-01-1970 00:19:01.341, 2726835199, 902.312, 471.924, 48.9983, 0xcf9ef2e30e1fcfd2d306d251, 0xcfd2, Serial Number, 0, 0, 0, 3540439633, 3540439633
01-01-1970 00:19:02.801, 2870841613, 903.895, 471, 50.0984, 0x37e98235d74d33d33cf3cb3c, 0x33d3, Motion Muted, 2.44385, 0, 0, 1022610236, 1022610236
01-01-1970 00:19:04.127, 3006716478, 902.312, 471, 48.6951, 0x37e98235d74d33d33cf3cb3c, 0x33d3, Motion Muted, 2.44385, 0, 0, 1022610236, 1022610236
01-01-1970 00:19:05.944, 3176121168, 903.895, 471.462, 49.6687, 0x594692f4d76df7e2490d9a6a, 0xf7e2, Error, 2.17603, 0, 0, 1225628266, 1225628266
01-01-1970 00:19:07.247, 3298743897, 902.312, 471.924, 48.8962, 0x594692f4d76df7e2490d9a6a, 0xf7e2, Error, 2.17603, 0, 0, 1225628266, 1225628266
01-01-1970 00:19:08.712, 3447880472, 903.875, 471.462, 48.2509, 0x30eea2444d554ede65e6666e, 0x4ede, Radio Test, 1.96111, 0, 0, 1709598318, 1709598318
01-01-1970 00:19:09.876, 3573361392, 902.312, 471, 49.1626, 0x30eea2444d554ede65e6666e, 0x4ede, Radio Test, 1.96111, 0, 0, 1709598318, 1709598318
01-01-1970 00:19:11.558, 3744181571, 903.875, 471.462, 48.5024, 0x9dfbb276e7ef777361116a90, 0x7773, Serial Number, 0, 0, 0, 1628531344, 1628531344
01-01-1970 00:19:12.754, 3861656209, 902.312, 471.462, 48.6886, 0x9dfbb276e7ef777361116a90, 0x7773, Serial Number, 0, 0, 0, 1628531344, 1628531344
01-01-1970 00:19:14.618, 4040571384, 903.895, 471, 49.7329, 0xde30c2e0eefe0ffe1ee0ff0f, 0x0ffe, Serial Number, 0, 0, 0, 518061839, 518061839
01-01-1970 00:19:15.654, 4161762572, 902.312, 471, 48.4822, 0xde30c2e0eefe0ffe1ee0ff0f, 0x0ffe, Serial Number, 0, 0, 0, 518061839, 518061839
01-01-1970 00:19:17.221, 4309445933, 903.895, 471.924, 49.7284, 0xfc0bd2f4c27f0680a1524ab8, 0x0680, Error, 1.51286, 0, 0, 2706524856, 2706524856
01-01-1970 00:19:18.524, 4450007884, 902.312, 471.924, 48.0767, 0xfc0bd2f4c27f0680a1524ab8, 0x0680, Error, 1.51286, 0, 0, 2706524856, 2706524856
01-01-1970 00:19:20.206, 4609072013, 903.875, 471.462, 48.5907, 0x0929e200000000e87070e8f1, 0x00e8, Serial Number, 0, 0, 0, 1886447857, 1886447857
01-01-1970 00:19:21.680, 4745846194, 902.312, 471.462, 47.8887, 0x0929e200000000e87070e8f1, 0x00e8, Serial Number, 0, 0, 0, 1886447857, 1886447857
01-01-1970 00:19:22.834, 4876106784, 903.875, 471.462, 48.5894, 0xc51ff2417e0232e44a939b01, 0x32e4, Radio Test, 1.31281, 0, 0, 1251187457, 1251187457
01-01-1970 00:19:24.255, 5016646932, 902.293, 472.384, 44.5664, 0xc51ff2417e0232e44a939b01, 0x32e4, Radio Test, 1.31281, 0, 0, 1251187457, 1251187457
01-01-1970 00:19:26.828, 5195505864, 903.875, 471.924, 49.2687, 0xf7cf02cae054b56233e78f1c, 0xb562, Serial Number, 158.85, 0, 0, 870813468, 870813468
01-01-1970 00:19:27.624, 5340270139, 902.312, 471.924, 48.5197, 0xf7cf02cae054b56233e78f1c, 0xb562, Serial Number, 158.85, 0, 0, 870813468, 870813468
01-01-1970 00:19:29.126, 5480004581, 903.895, 471.462, 50.1196, 0x129412f7203664c983060c18, 0x64c9, Error, 17.65, 0, 0, 2198211608, 2198211608
01-01-1970 00:19:30.155, 5596471175, 902.293, 471.924, 46.1695, 0x129412f7203664c983060c18, 0x64c9, Error, 17.65, 0, 0, 2198211608, 2198211608
01-01-1970 00:19:31.638, 5756445940, 903.895, 471.462, 50.2261, 0x2f8c2222203060c18305cb96, 0x60c1, Motion Alert, 9.34412, 0, 0, 2198195094, 2198195094
01-01-1970 00:19:33.389, 5919214611, 902.312, 471, 48.6553, 0x2f8c2222203060c18305cb96, 0x60c1, Motion Alert, 9.34412, 0, 0, 2198195094, 2198195094
01-01-1970 00:19:34.671, 6042782337, 903.875, 471.462, 50.0715, 0xcefd324c002c58b162c58b16, 0x58b1, Radio Test, 6.354, 0, 0, 1657113366, 1657113366
01-01-1970 00:19:36.921, 6193243632, 902.312, 471.462, 48.4245, 0xcefd324c002c58b162c58b16, 0x58b1, Radio Test, 6.354, 0, 0, 1657113366, 1657113366
01-01-1970 00:19:37.656, 6352798056, 903.895, 471, 49.2879, 0x5af842618000000002c58b17, 0x0000, Operation Stopped, 4.81364, 0, 0, 46500631, 46500631
01-01-1970 00:19:38.868, 6482898449, 902.312, 471.462, 48.927, 0x5af842618000000002c58b17, 0x0000, Operation Stopped, 4.81364, 0, 0, 46500631, 46500631
